area_name,area_id,date,od21,od22,od23,od24,od25,od26,od27,od28,acquisition_time
江苏_苏州_苏州,101190401,2022-10-30 17h,17,20,86,东风,2,0.0,62,25.0,2022-10-31 18h:15m
江苏_苏州_苏州,101190401,2022-10-30 18h,18,19,75,东风,2,0.0,65,27.0,2022-10-31 18h:15m
江苏_苏州_苏州,101190401,2022-10-30 19h,19,19,83,东风,2,0.0,67,29.0,2022-10-31 18h:15m
江苏_苏州_苏州,101190401,2022-10-30 20h,20,18,98,东风,3,0.0,68,32.0,2022-10-31 18h:15m
江苏_苏州_苏州,101190401,2022-10-30 21h,21,18,96,东风,2,0.0,69,35.0,2022-10-31 18h:15m
江苏_苏州_苏州,101190401,2022-10-30 22h,22,21,270,西风,6,0.0,62,39.0,2022-10-31 18h:15m
江苏_苏州_苏州,101190401,2022-10-30 23h,23,17,64,东北风,2,0.0,80,36.0,2022-10-31 18h:15m
江苏_苏州_苏州,101190401,2022-10-31 00h,0,16,54,东北风,2,0.0,85,32.0,2022-10-31 18h:15m
江苏_苏州_苏州,101190401,2022-10-31 01h,1,18,225,西南风,5,0.0,72,30.0,2022-10-31 18h:15m
江苏_苏州_苏州,101190401,2022-10-31 02h,2,16,35,东北风,2,0.0,88,33.0,2022-10-31 18h:15m
江苏_苏州_苏州,101190401,2022-10-31 03h,3,16,37,东北风,2,0.0,90,35.0,2022-10-31 18h:15m
江苏_苏州_苏州,101190401,2022-10-31 04h,4,15,32,东北风,2,0.0,93,35.0,2022-10-31 18h:15m
江苏_苏州_苏州,101190401,2022-10-31 05h,5,15,30,东北风,1,0.0,98,36.0,2022-10-31 18h:15m
江苏_苏州_苏州,101190401,2022-10-31 06h,6,15,33,东北风,2,0.0,98,35.0,2022-10-31 18h:15m
江苏_苏州_苏州,101190401,2022-10-31 07h,7,15,10,北风,1,0.0,98,40.0,2022-10-31 18h:15m
江苏_苏州_苏州,101190401,2022-10-31 08h,8,17,49,东北风,2,0.0,89,40.0,2022-10-31 18h:15m
江苏_苏州_苏州,101190401,2022-10-31 09h,9,19,64,东北风,2,0.0,74,36.0,2022-10-31 18h:15m
江苏_苏州_苏州,101190401,2022-10-31 10h,10,20,71,东风,3,0.0,67,31.0,2022-10-31 18h:15m
江苏_苏州_苏州,101190401,2022-10-31 11h,11,21,53,东北风,3,0.0,62,28.0,2022-10-31 18h:15m
江苏_苏州_苏州,101190401,2022-10-31 12h,12,22,66,东北风,3,0.0,55,28.0,2022-10-31 18h:15m
江苏_苏州_苏州,101190401,2022-10-31 13h,13,22,74,东风,3,0.0,49,30.0,2022-10-31 18h:15m
江苏_苏州_苏州,101190401,2022-10-31 14h,14,22,48,东北风,3,0.0,45,32.0,2022-10-31 18h:15m
江苏_苏州_苏州,101190401,2022-10-31 15h,15,22,71,东风,3,0.0,51,30.0,2022-10-31 18h:15m
江苏_苏州_苏州,101190401,2022-10-31 16h,16,21,75,东风,3,0.0,51,31.0,2022-10-31 18h:15m
江苏_苏州_苏州,101190401,2022-10-31 17h,17,20,73,东风,2,0.0,55,28.0,2022-10-31 18h:15m
江苏_苏州_苏州,101190401,2022-11-22 10h,10,17,188,南风,2,0.0,92,39.0,2022-11-23 03h:05m
江苏_苏州_苏州,101190401,2022-11-22 11h,11,17,230,西南风,2,0.0,90,43.0,2022-11-23 03h:05m
江苏_苏州_苏州,101190401,2022-11-22 12h,12,16,269,西风,4,0.0,94,53.0,2022-11-23 03h:05m
江苏_苏州_苏州,101190401,2022-11-22 13h,13,16,266,西风,3,0.0,91,33.0,2022-11-23 03h:05m
江苏_苏州_苏州,101190401,2022-11-22 14h,14,16,271,西风,5,0.0,91,23.0,2022-11-23 03h:05m
江苏_苏州_苏州,101190401,2022-11-22 15h,15,15,291,西风,3,0.0,91,23.0,2022-11-23 03h:05m
江苏_苏州_苏州,101190401,2022-11-22 16h,16,15,302,西北风,3,0.1,91,18.0,2022-11-23 03h:05m
江苏_苏州_苏州,101190401,2022-11-22 17h,17,15,290,西风,3,0.0,88,16.0,2022-11-23 03h:05m
江苏_苏州_苏州,101190401,2022-11-22 18h,18,15,303,西北风,3,0.0,84,17.0,2022-11-23 03h:05m
江苏_苏州_苏州,101190401,2022-11-22 19h,19,15,308,西北风,2,0.0,87,17.0,2022-11-23 03h:05m
江苏_苏州_苏州,101190401,2022-11-22 20h,20,14,354,北风,2,0.2,95,18.0,2022-11-23 03h:05m
江苏_苏州_苏州,101190401,2022-11-22 21h,21,14,29,东北风,2,0.0,90,20.0,2022-11-23 03h:05m
江苏_苏州_苏州,101190401,2022-11-22 22h,22,14,337,西北风,2,0.0,90,24.0,2022-11-23 03h:05m
江苏_苏州_苏州,101190401,2022-11-22 23h,23,14,310,西北风,3,0.0,89,21.0,2022-11-23 03h:05m
江苏_苏州_苏州,101190401,2022-11-23 00h,0,14,309,西北风,2,0.0,88,17.0,2022-11-23 03h:05m
江苏_苏州_苏州,101190401,2022-11-23 01h,1,14,316,西北风,2,0.0,90,17.0,2022-11-23 03h:05m
江苏_苏州_苏州,101190401,2022-11-23 02h,2,14,305,西北风,2,0.0,90,20.0,2022-11-23 03h:05m
江苏_苏州_苏州,101190401,2022-11-23 03h,3,14,313,西北风,2,0.0,90,25.0,2022-11-23 03h:05m
江苏_苏州_苏州,101190401,2022-11-23 04h,4,14,331,西北风,1,0.0,89,27.0,2022-11-23 03h:05m
江苏_苏州_苏州,101190401,2022-11-23 05h,5,14,321,西北风,2,0.0,89,26.0,2022-11-23 03h:05m
江苏_苏州_苏州,101190401,2022-11-23 06h,6,14,316,西北风,2,0.0,90,26.0,2022-11-23 03h:05m
江苏_苏州_苏州,101190401,2022-11-23 07h,7,14,332,西北风,2,0.0,89,28.0,2022-11-23 03h:05m
江苏_苏州_苏州,101190401,2022-11-23 08h,8,14,335,西北风,2,0.0,89,30.0,2022-11-23 03h:05m
江苏_苏州_苏州,101190401,2022-11-23 09h,9,14,8,北风,1,0.0,88,33.0,2022-11-23 03h:05m
江苏_苏州_苏州,101190401,2022-11-23 10h,10,15,354,北风,1,0.0,82,,2022-11-23 03h:05m
江苏_苏州_苏州,101190401,2022-11-23 11h,11,16,14,北风,2,0.0,77,32.0,2022-11-23 17h:15m
江苏_苏州_苏州,101190401,2022-11-23 12h,12,17,25,东北风,1,0.0,71,33.0,2022-11-23 17h:15m
江苏_苏州_苏州,101190401,2022-11-23 13h,13,17,344,北风,2,0.0,69,26.0,2022-11-23 17h:15m
江苏_苏州_苏州,101190401,2022-11-23 14h,14,17,18,北风,2,0.0,66,25.0,2022-11-23 17h:15m
江苏_苏州_苏州,101190401,2022-11-23 15h,15,17,341,北风,1,0.0,65,24.0,2022-11-23 17h:15m
江苏_苏州_苏州,101190401,2022-11-23 16h,16,17,306,西北风,1,0.0,75,26.0,2022-11-23 17h:15m
江苏_苏州_苏州,101190401,2022-11-23 17h,17,16,74,东风,1,0.0,73,26.0,2022-11-23 22h:14m
江苏_苏州_苏州,101190401,2022-11-23 18h,18,16,135,东南风,1,0.0,78,25.0,2022-11-23 22h:14m
江苏_苏州_苏州,101190401,2022-11-23 19h,19,16,182,南风,1,0.0,81,27.0,2022-11-23 22h:14m
江苏_苏州_苏州,101190401,2022-11-23 20h,20,15,77,东风,1,0.0,83,27.0,2022-11-23 22h:14m
江苏_苏州_苏州,101190401,2022-11-23 21h,21,15,85,东风,2,0.0,82,27.0,2022-11-23 22h:14m
江苏_苏州_苏州,101190401,2022-11-23 22h,22,14,82,东风,2,0.0,81,29.0,2022-11-24 10h:52m
江苏_苏州_苏州,101190401,2022-11-23 23h,23,13,68,东风,2,0.0,86,32.0,2022-11-24 10h:52m
江苏_苏州_苏州,101190401,2022-11-24 00h,0,13,72,东风,2,0.0,89,33.0,2022-11-24 10h:52m
江苏_苏州_苏州,101190401,2022-11-24 01h,1,13,48,东北风,1,0.0,91,36.0,2022-11-24 10h:52m
江苏_苏州_苏州,101190401,2022-11-24 02h,2,13,225,西南风,0,0.0,91,36.0,2022-11-24 10h:52m
江苏_苏州_苏州,101190401,2022-11-24 03h,3,13,70,东风,1,0.0,90,37.0,2022-11-24 10h:52m
江苏_苏州_苏州,101190401,2022-11-24 04h,4,13,69,东风,2,0.0,90,37.0,2022-11-24 10h:52m
江苏_苏州_苏州,101190401,2022-11-24 05h,5,13,98,东风,1,0.0,91,36.0,2022-11-24 10h:52m
江苏_苏州_苏州,101190401,2022-11-24 06h,6,13,80,东风,2,0.0,89,35.0,2022-11-24 10h:52m
江苏_苏州_苏州,101190401,2022-11-24 07h,7,14,74,东风,2,0.0,88,37.0,2022-11-24 10h:52m
江苏_苏州_苏州,101190401,2022-11-24 08h,8,14,112,东风,2,0.0,87,40.0,2022-11-24 10h:52m
江苏_苏州_苏州,101190401,2022-11-24 09h,9,15,105,东风,2,0.0,82,42.0,2022-11-24 10h:52m
江苏_苏州_苏州,101190401,2022-11-24 10h,10,16,100,东风,2,0.0,69,,2022-11-24 10h:52m
江苏_苏州_苏州,101190401,2022-11-24 11h,11,17,85,东风,2,0.0,64,41.0,2022-11-24 17h:15m
江苏_苏州_苏州,101190401,2022-11-24 12h,12,18,115,东南风,2,0.0,63,38.0,2022-11-24 17h:15m
江苏_苏州_苏州,101190401,2022-11-24 13h,13,18,148,东南风,2,0.0,59,36.0,2022-11-24 17h:15m
江苏_苏州_苏州,101190401,2022-11-24 14h,14,19,170,南风,2,0.0,53,34.0,2022-11-24 17h:15m
江苏_苏州_苏州,101190401,2022-11-24 15h,15,19,132,东南风,2,0.0,50,30.0,2022-11-24 17h:15m
江苏_苏州_苏州,101190401,2022-11-24 16h,16,18,147,东南风,2,0.0,52,,2022-11-24 17h:15m
江苏_苏州_苏州,101190401,2022-11-24 17h,17,16,136,东南风,2,0.0,58,33.0,2022-11-24 22h:14m
江苏_苏州_苏州,101190401,2022-11-24 18h,18,15,133,东南风,1,0.0,63,36.0,2022-11-24 22h:14m
江苏_苏州_苏州,101190401,2022-11-24 19h,19,14,112,东风,1,0.0,64,39.0,2022-11-24 22h:14m
江苏_苏州_苏州,101190401,2022-11-24 20h,20,15,135,东南风,2,0.0,64,45.0,2022-11-24 22h:14m
江苏_苏州_苏州,101190401,2022-11-24 21h,21,14,126,东南风,2,0.0,69,49.0,2022-11-24 22h:14m
江苏_苏州_苏州,101190401,2022-11-24 22h,22,14,115,东南风,2,0.0,76,51.0,2022-11-25 11h:04m
江苏_苏州_苏州,101190401,2022-11-24 23h,23,14,90,东风,2,0.0,77,51.0,2022-11-25 11h:04m
江苏_苏州_苏州,101190401,2022-11-25 00h,0,13,94,东风,2,0.0,83,51.0,2022-11-25 11h:04m
江苏_苏州_苏州,101190401,2022-11-25 01h,1,13,87,东风,2,0.0,83,50.0,2022-11-25 11h:04m
江苏_苏州_苏州,101190401,2022-11-25 02h,2,13,89,东风,2,0.0,84,48.0,2022-11-25 11h:04m
江苏_苏州_苏州,101190401,2022-11-25 03h,3,13,87,东风,2,0.0,83,47.0,2022-11-25 11h:04m
江苏_苏州_苏州,101190401,2022-11-25 04h,4,14,122,东南风,1,0.0,84,44.0,2022-11-25 11h:04m
江苏_苏州_苏州,101190401,2022-11-25 05h,5,14,126,东南风,2,0.0,82,42.0,2022-11-25 11h:04m
江苏_苏州_苏州,101190401,2022-11-25 06h,6,14,136,东南风,2,0.0,87,41.0,2022-11-25 11h:04m
江苏_苏州_苏州,101190401,2022-11-25 07h,7,14,125,东南风,2,0.0,86,39.0,2022-11-25 11h:04m
江苏_苏州_苏州,101190401,2022-11-25 08h,8,15,141,东南风,1,0.0,84,38.0,2022-11-25 11h:04m
江苏_苏州_苏州,101190401,2022-11-25 09h,9,17,157,东南风,2,0.0,75,40.0,2022-11-25 11h:04m
江苏_苏州_苏州,101190401,2022-11-25 10h,10,18,191,南风,2,0.0,71,,2022-11-25 11h:04m
江苏_苏州_苏州,101190401,2022-11-25 11h,11,19,186,南风,2,0.0,70,43.0,2022-11-25 17h:15m
江苏_苏州_苏州,101190401,2022-11-25 12h,12,20,233,西南风,2,0.0,64,42.0,2022-11-25 17h:15m
江苏_苏州_苏州,101190401,2022-11-25 13h,13,19,190,南风,1,0.0,68,46.0,2022-11-25 17h:15m
江苏_苏州_苏州,101190401,2022-11-25 14h,14,19,214,西南风,2,0.0,70,50.0,2022-11-25 17h:15m
江苏_苏州_苏州,101190401,2022-11-25 15h,15,19,246,西南风,1,0.0,72,50.0,2022-11-25 17h:15m
江苏_苏州_苏州,101190401,2022-11-25 16h,16,19,225,西南风,1,0.0,76,,2022-11-25 17h:15m
江苏_苏州_苏州,101190401,2022-11-25 17h,17,18,228,西南风,1,0.0,79,52.0,2022-11-25 22h:14m
江苏_苏州_苏州,101190401,2022-11-25 18h,18,17,218,西南风,1,0.0,86,54.0,2022-11-25 22h:14m
江苏_苏州_苏州,101190401,2022-11-25 19h,19,16,260,西风,1,0.0,86,59.0,2022-11-25 22h:14m
江苏_苏州_苏州,101190401,2022-11-25 20h,20,15,303,西北风,1,0.0,89,63.0,2022-11-25 22h:14m
江苏_苏州_苏州,101190401,2022-11-25 21h,21,15,281,西风,1,0.0,93,68.0,2022-11-25 22h:14m
江苏_苏州_苏州,101190401,2022-11-25 22h,22,14,135,东南风,1,0.0,94,69.0,2022-11-26 17h:14m
江苏_苏州_苏州,101190401,2022-11-25 23h,23,14,135,东南风,1,0.0,95,71.0,2022-11-26 17h:14m
江苏_苏州_苏州,101190401,2022-11-26 00h,0,14,281,西风,1,0.0,96,72.0,2022-11-26 17h:14m
江苏_苏州_苏州,101190401,2022-11-26 01h,1,14,286,西风,2,0.0,95,,2022-11-26 17h:14m
江苏_苏州_苏州,101190401,2022-11-26 02h,2,14,249,西风,1,0.0,95,77.0,2022-11-26 17h:14m
江苏_苏州_苏州,101190401,2022-11-26 03h,3,14,298,西北风,2,0.0,97,80.0,2022-11-26 17h:14m
江苏_苏州_苏州,101190401,2022-11-26 04h,4,13,224,西南风,1,0.0,96,85.0,2022-11-26 17h:14m
江苏_苏州_苏州,101190401,2022-11-26 05h,5,13,197,南风,1,0.0,97,89.0,2022-11-26 17h:14m
江苏_苏州_苏州,101190401,2022-11-26 06h,6,13,271,西风,1,0.0,97,88.0,2022-11-26 17h:14m
江苏_苏州_苏州,101190401,2022-11-26 07h,7,14,274,西风,1,0.0,97,88.0,2022-11-26 17h:14m
江苏_苏州_苏州,101190401,2022-11-26 08h,8,14,135,东南风,0,0.0,97,89.0,2022-11-26 17h:14m
江苏_苏州_苏州,101190401,2022-11-26 09h,9,16,251,西风,1,0.0,91,104.0,2022-11-26 17h:14m
江苏_苏州_苏州,101190401,2022-11-26 10h,10,18,28,东北风,1,0.0,77,109.0,2022-11-26 17h:14m
江苏_苏州_苏州,101190401,2022-11-26 11h,11,19,26,东北风,2,0.0,70,105.0,2022-11-26 17h:14m
江苏_苏州_苏州,101190401,2022-11-26 12h,12,19,30,东北风,2,0.0,63,90.0,2022-11-26 17h:14m
江苏_苏州_苏州,101190401,2022-11-26 13h,13,19,33,东北风,2,0.0,65,88.0,2022-11-26 17h:14m
江苏_苏州_苏州,101190401,2022-11-26 14h,14,19,64,东北风,3,0.0,66,80.0,2022-11-26 17h:14m
江苏_苏州_苏州,101190401,2022-11-26 15h,15,18,71,东风,2,0.0,63,64.0,2022-11-26 17h:14m
江苏_苏州_苏州,101190401,2022-11-26 16h,16,18,73,东风,2,0.0,63,,2022-11-26 17h:14m
江苏_苏州_苏州,101190401,2022-11-26 17h,17,17,83,东风,2,0.0,68,52.0,2022-11-26 22h:12m
江苏_苏州_苏州,101190401,2022-11-26 18h,18,16,72,东风,2,0.0,74,53.0,2022-11-26 22h:12m
江苏_苏州_苏州,101190401,2022-11-26 19h,19,15,76,东风,2,0.0,79,51.0,2022-11-26 22h:12m
江苏_苏州_苏州,101190401,2022-11-26 20h,20,15,87,东风,2,0.0,76,48.0,2022-11-26 22h:12m
江苏_苏州_苏州,101190401,2022-11-26 21h,21,14,77,东风,2,0.0,81,,2022-11-26 22h:12m
江苏_苏州_苏州,101190401,2022-11-26 22h,22,14,88,东风,2,0.0,83,48.0,2022-11-27 11h:04m
江苏_苏州_苏州,101190401,2022-11-26 23h,23,14,96,东风,2,0.0,84,50.0,2022-11-27 11h:04m
江苏_苏州_苏州,101190401,2022-11-27 00h,0,14,92,东风,2,0.0,87,51.0,2022-11-27 11h:04m
江苏_苏州_苏州,101190401,2022-11-27 01h,1,14,99,东风,2,0.0,88,52.0,2022-11-27 11h:04m
江苏_苏州_苏州,101190401,2022-11-27 02h,2,14,129,东南风,2,0.0,90,54.0,2022-11-27 11h:04m
江苏_苏州_苏州,101190401,2022-11-27 03h,3,14,139,东南风,2,0.0,90,54.0,2022-11-27 11h:04m
江苏_苏州_苏州,101190401,2022-11-27 04h,4,15,148,东南风,3,0.0,91,54.0,2022-11-27 11h:04m
江苏_苏州_苏州,101190401,2022-11-27 05h,5,14,143,东南风,2,0.0,92,52.0,2022-11-27 11h:04m
江苏_苏州_苏州,101190401,2022-11-27 06h,6,15,134,东南风,3,0.0,91,49.0,2022-11-27 11h:04m
江苏_苏州_苏州,101190401,2022-11-27 07h,7,15,129,东南风,3,0.0,88,45.0,2022-11-27 11h:04m
江苏_苏州_苏州,101190401,2022-11-27 08h,8,15,148,东南风,3,0.0,82,40.0,2022-11-27 11h:04m
江苏_苏州_苏州,101190401,2022-11-27 09h,9,16,149,东南风,4,0.0,79,36.0,2022-11-27 11h:04m
江苏_苏州_苏州,101190401,2022-11-27 10h,10,17,158,南风,3,0.0,75,,2022-11-27 11h:04m
江苏_苏州_苏州,101190401,2022-11-27 11h,11,18,160,南风,3,0.0,72,32.0,2022-11-27 17h:14m
江苏_苏州_苏州,101190401,2022-11-27 12h,12,19,152,东南风,4,0.0,69,28.0,2022-11-27 17h:14m
江苏_苏州_苏州,101190401,2022-11-27 13h,13,19,159,南风,2,0.0,70,27.0,2022-11-27 17h:14m
江苏_苏州_苏州,101190401,2022-11-27 14h,14,19,167,南风,3,0.0,68,27.0,2022-11-27 17h:14m
江苏_苏州_苏州,101190401,2022-11-27 15h,15,19,167,南风,4,0.0,66,28.0,2022-11-27 17h:14m
江苏_苏州_苏州,101190401,2022-11-27 16h,16,19,172,南风,3,0.0,68,,2022-11-27 17h:14m
江苏_苏州_苏州,101190401,2022-11-27 17h,17,18,160,南风,3,0.0,71,35.0,2022-11-27 22h:13m
江苏_苏州_苏州,101190401,2022-11-27 18h,18,18,160,南风,3,0.0,73,37.0,2022-11-27 22h:13m
江苏_苏州_苏州,101190401,2022-11-27 19h,19,17,159,南风,2,0.0,77,39.0,2022-11-27 22h:13m
江苏_苏州_苏州,101190401,2022-11-27 20h,20,17,138,东南风,1,0.0,80,42.0,2022-11-27 22h:13m
江苏_苏州_苏州,101190401,2022-11-27 21h,21,17,159,南风,2,0.0,79,,2022-11-27 22h:13m
江苏_苏州_苏州,101190401,2022-11-27 22h,22,17,136,东南风,2,0.0,80,45.0,2022-11-28 10h:55m
江苏_苏州_苏州,101190401,2022-11-27 23h,23,17,147,东南风,2,0.0,81,43.0,2022-11-28 10h:55m
江苏_苏州_苏州,101190401,2022-11-28 00h,0,17,148,东南风,2,0.0,85,40.0,2022-11-28 10h:55m
江苏_苏州_苏州,101190401,2022-11-28 01h,1,17,149,东南风,2,0.0,86,38.0,2022-11-28 10h:55m
江苏_苏州_苏州,101190401,2022-11-28 02h,2,17,154,东南风,2,0.0,84,39.0,2022-11-28 10h:55m
江苏_苏州_苏州,101190401,2022-11-28 03h,3,16,148,东南风,2,0.0,86,39.0,2022-11-28 10h:55m
江苏_苏州_苏州,101190401,2022-11-28 04h,4,16,164,南风,2,0.0,88,36.0,2022-11-28 10h:55m
江苏_苏州_苏州,101190401,2022-11-28 05h,5,16,121,东南风,3,0.0,90,32.0,2022-11-28 10h:55m
江苏_苏州_苏州,101190401,2022-11-28 06h,6,17,134,东南风,3,0.0,92,27.0,2022-11-28 10h:55m
江苏_苏州_苏州,101190401,2022-11-28 07h,7,18,140,东南风,3,0.0,90,20.0,2022-11-28 10h:55m
江苏_苏州_苏州,101190401,2022-11-28 08h,8,19,141,东南风,4,0.0,86,19.0,2022-11-28 10h:55m
江苏_苏州_苏州,101190401,2022-11-28 09h,9,21,168,南风,3,0.0,79,18.0,2022-11-28 10h:55m
江苏_苏州_苏州,101190401,2022-11-28 10h,10,21,154,东南风,3,0.0,76,,2022-11-28 10h:55m
江苏_苏州_苏州,101190401,2022-11-28 11h,11,22,144,东南风,3,0.0,74,20.0,2022-11-28 17h:15m
江苏_苏州_苏州,101190401,2022-11-28 12h,12,22,168,南风,3,0.0,76,21.0,2022-11-28 17h:15m
江苏_苏州_苏州,101190401,2022-11-28 13h,13,21,170,南风,3,0.0,78,20.0,2022-11-28 17h:15m
江苏_苏州_苏州,101190401,2022-11-28 14h,14,21,189,南风,3,0.0,80,21.0,2022-11-28 17h:15m
江苏_苏州_苏州,101190401,2022-11-28 15h,15,19,203,西南风,2,0.3,90,16.0,2022-11-28 17h:15m
江苏_苏州_苏州,101190401,2022-11-28 16h,16,19,189,南风,2,0.9,94,18.0,2022-11-28 17h:15m
江苏_苏州_苏州,101190401,2022-11-28 17h,17,18,221,西南风,2,0.0,94,20.0,2022-11-28 22h:14m
江苏_苏州_苏州,101190401,2022-11-28 18h,18,18,239,西南风,2,0.0,93,31.0,2022-11-28 22h:14m
江苏_苏州_苏州,101190401,2022-11-28 19h,19,18,272,西风,2,0.0,94,32.0,2022-11-28 22h:14m
江苏_苏州_苏州,101190401,2022-11-28 20h,20,18,283,西风,3,0.0,94,35.0,2022-11-28 22h:14m
江苏_苏州_苏州,101190401,2022-11-28 21h,21,18,278,西风,3,0.1,95,,2022-11-28 22h:14m
江苏_苏州_苏州,101190401,2022-11-28 22h,22,17,292,西风,2,0.1,95,40.0,2022-11-29 10h:52m
江苏_苏州_苏州,101190401,2022-11-28 23h,23,17,277,西风,3,0.1,97,45.0,2022-11-29 10h:52m
江苏_苏州_苏州,101190401,2022-11-29 00h,0,17,300,西北风,2,0.2,93,53.0,2022-11-29 10h:52m
江苏_苏州_苏州,101190401,2022-11-29 01h,1,17,277,西风,2,0.0,94,60.0,2022-11-29 10h:52m
江苏_苏州_苏州,101190401,2022-11-29 02h,2,17,315,西北风,2,0.1,93,62.0,2022-11-29 10h:52m
江苏_苏州_苏州,101190401,2022-11-29 03h,3,15,2,北风,3,1.1,93,53.0,2022-11-29 10h:52m
江苏_苏州_苏州,101190401,2022-11-29 04h,4,14,9,北风,2,0.0,93,18.0,2022-11-29 10h:52m
江苏_苏州_苏州,101190401,2022-11-29 05h,5,14,11,北风,2,0.2,93,10.0,2022-11-29 10h:52m
江苏_苏州_苏州,101190401,2022-11-29 06h,6,14,29,东北风,3,2.2,94,11.0,2022-11-29 10h:52m
江苏_苏州_苏州,101190401,2022-11-29 07h,7,13,9,北风,2,1.4,94,14.0,2022-11-29 10h:52m
江苏_苏州_苏州,101190401,2022-11-29 08h,8,13,180,南风,3,1.0,95,14.0,2022-11-29 10h:52m
江苏_苏州_苏州,101190401,2022-11-29 09h,9,13,349,北风,2,1.2,94,14.0,2022-11-29 10h:52m
江苏_苏州_苏州,101190401,2022-11-29 10h,10,12,27,东北风,3,3.0,92,,2022-11-29 10h:52m
江苏_苏州_苏州,101190401,2022-11-29 11h,11,11,27,东北风,3,1.1,92,14.0,2022-11-29 17h:15m
江苏_苏州_苏州,101190401,2022-11-29 12h,12,11,14,北风,3,2.2,92,17.0,2022-11-29 17h:15m
江苏_苏州_苏州,101190401,2022-11-29 13h,13,10,37,东北风,4,0.6,89,17.0,2022-11-29 17h:15m
江苏_苏州_苏州,101190401,2022-11-29 14h,14,10,28,东北风,4,0.3,84,18.0,2022-11-29 17h:15m
江苏_苏州_苏州,101190401,2022-11-29 15h,15,10,27,东北风,3,0.0,83,21.0,2022-11-29 17h:15m
江苏_苏州_苏州,101190401,2022-11-29 16h,16,10,34,东北风,3,0.0,81,28.0,2022-11-29 17h:15m
江苏_苏州_苏州,101190401,2022-11-29 17h,17,9,31,东北风,4,2.0,88,33.0,2022-11-29 22h:14m
江苏_苏州_苏州,101190401,2022-11-29 18h,18,9,33,东北风,3,3.3,92,33.0,2022-11-29 22h:14m
江苏_苏州_苏州,101190401,2022-11-29 19h,19,8,26,东北风,4,2.2,91,33.0,2022-11-29 22h:14m
江苏_苏州_苏州,101190401,2022-11-29 20h,20,8,26,东北风,4,2.6,90,24.0,2022-11-29 22h:14m
江苏_苏州_苏州,101190401,2022-11-29 21h,21,6,357,北风,3,2.8,90,27.0,2022-11-29 22h:14m
江苏_苏州_苏州,101190401,2022-11-29 22h,22,5,351,北风,3,2.8,91,25.0,2022-11-30 10h:49m
江苏_苏州_苏州,101190401,2022-11-29 23h,23,5,355,北风,3,1.0,90,18.0,2022-11-30 10h:49m
江苏_苏州_苏州,101190401,2022-11-30 00h,0,4,351,北风,3,0.2,90,20.0,2022-11-30 10h:49m
江苏_苏州_苏州,101190401,2022-11-30 01h,1,3,335,西北风,3,0.0,90,19.0,2022-11-30 10h:49m
江苏_苏州_苏州,101190401,2022-11-30 02h,2,2,353,北风,3,0.3,92,18.0,2022-11-30 10h:49m
江苏_苏州_苏州,101190401,2022-11-30 03h,3,2,324,西北风,3,0.5,92,17.0,2022-11-30 10h:49m
江苏_苏州_苏州,101190401,2022-11-30 04h,4,1,357,北风,3,0.4,90,20.0,2022-11-30 10h:49m
江苏_苏州_苏州,101190401,2022-11-30 05h,5,1,334,西北风,2,0.2,83,20.0,2022-11-30 10h:49m
江苏_苏州_苏州,101190401,2022-11-30 06h,6,2,331,西北风,3,0.0,69,22.0,2022-11-30 10h:49m
江苏_苏州_苏州,101190401,2022-11-30 07h,7,1,344,北风,2,0.0,69,22.0,2022-11-30 10h:49m
江苏_苏州_苏州,101190401,2022-11-30 08h,8,1,346,北风,2,0.0,68,23.0,2022-11-30 10h:49m
江苏_苏州_苏州,101190401,2022-11-30 09h,9,1,335,西北风,3,0.0,63,25.0,2022-11-30 10h:49m
江苏_苏州_苏州,101190401,2022-11-30 10h,10,2,323,西北风,2,0.0,63,,2022-11-30 10h:49m
江苏_苏州_苏州,101190401,2022-11-30 11h,11,2,343,北风,3,0.0,64,29.0,2022-11-30 17h:15m
江苏_苏州_苏州,101190401,2022-11-30 12h,12,2,337,西北风,2,0.0,63,29.0,2022-11-30 17h:15m
江苏_苏州_苏州,101190401,2022-11-30 13h,13,2,319,西北风,3,0.0,63,30.0,2022-11-30 17h:15m
江苏_苏州_苏州,101190401,2022-11-30 14h,14,2,326,西北风,3,0.0,65,30.0,2022-11-30 17h:15m
江苏_苏州_苏州,101190401,2022-11-30 15h,15,2,331,西北风,2,0.0,66,32.0,2022-11-30 17h:15m
江苏_苏州_苏州,101190401,2022-11-30 16h,16,2,332,西北风,2,0.0,67,35.0,2022-11-30 17h:15m
江苏_苏州_苏州,101190401,2022-11-30 17h,17,2,335,西北风,2,0.0,70,38.0,2022-11-30 22h:14m
江苏_苏州_苏州,101190401,2022-11-30 18h,18,2,303,西北风,2,0.0,69,40.0,2022-11-30 22h:14m
江苏_苏州_苏州,101190401,2022-11-30 19h,19,1,321,西北风,2,0.0,69,41.0,2022-11-30 22h:14m
江苏_苏州_苏州,101190401,2022-11-30 20h,20,1,329,西北风,2,0.0,69,41.0,2022-11-30 22h:14m
江苏_苏州_苏州,101190401,2022-11-30 21h,21,2,337,西北风,3,0.0,70,,2022-11-30 22h:14m
江苏_苏州_苏州,101190401,2022-11-30 22h,22,2,332,西北风,2,0.0,70,40.0,2022-12-01 11h:08m
江苏_苏州_苏州,101190401,2022-11-30 23h,23,2,347,北风,3,0.0,65,36.0,2022-12-01 11h:08m
江苏_苏州_苏州,101190401,2022-12-01 00h,0,1,331,西北风,3,0.0,65,33.0,2022-12-01 11h:08m
江苏_苏州_苏州,101190401,2022-12-01 01h,1,1,338,北风,3,0.0,63,33.0,2022-12-01 11h:08m
江苏_苏州_苏州,101190401,2022-12-01 02h,2,1,326,西北风,2,0.0,66,33.0,2022-12-01 11h:08m
江苏_苏州_苏州,101190401,2022-12-01 03h,3,1,317,西北风,2,0.0,66,35.0,2022-12-01 11h:08m
江苏_苏州_苏州,101190401,2022-12-01 04h,4,1,330,西北风,2,0.1,74,35.0,2022-12-01 11h:08m
江苏_苏州_苏州,101190401,2022-12-01 05h,5,1,333,西北风,2,0.0,70,34.0,2022-12-01 11h:08m
江苏_苏州_苏州,101190401,2022-12-01 06h,6,1,324,西北风,2,0.0,68,35.0,2022-12-01 11h:08m
江苏_苏州_苏州,101190401,2022-12-01 07h,7,1,343,北风,2,0.0,66,35.0,2022-12-01 11h:08m
江苏_苏州_苏州,101190401,2022-12-01 08h,8,1,329,西北风,2,0.0,66,33.0,2022-12-01 11h:08m
江苏_苏州_苏州,101190401,2022-12-01 09h,9,1,308,西北风,2,0.0,66,35.0,2022-12-01 11h:08m
江苏_苏州_苏州,101190401,2022-12-01 10h,10,1,338,北风,2,0.0,64,,2022-12-01 11h:08m
江苏_苏州_苏州,101190401,2022-12-01 11h,11,2,336,西北风,2,0.0,61,40.0,2022-12-01 17h:15m
江苏_苏州_苏州,101190401,2022-12-01 12h,12,2,324,西北风,2,0.0,56,41.0,2022-12-01 17h:15m
江苏_苏州_苏州,101190401,2022-12-01 13h,13,2,333,西北风,2,0.0,51,41.0,2022-12-01 17h:15m
江苏_苏州_苏州,101190401,2022-12-01 14h,14,3,335,西北风,2,0.0,46,39.0,2022-12-01 17h:15m
江苏_苏州_苏州,101190401,2022-12-01 15h,15,3,341,北风,2,0.0,46,35.0,2022-12-01 17h:15m
江苏_苏州_苏州,101190401,2022-12-01 16h,16,3,332,西北风,2,0.0,49,,2022-12-01 17h:15m
江苏_苏州_苏州,101190401,2022-12-01 17h,17,3,318,西北风,2,0.0,50,39.0,2022-12-01 22h:14m
江苏_苏州_苏州,101190401,2022-12-01 18h,18,3,337,西北风,2,0.0,45,42.0,2022-12-01 22h:14m
江苏_苏州_苏州,101190401,2022-12-01 19h,19,3,351,北风,2,0.0,47,42.0,2022-12-01 22h:14m
江苏_苏州_苏州,101190401,2022-12-01 20h,20,3,322,西北风,2,0.0,45,40.0,2022-12-01 22h:14m
江苏_苏州_苏州,101190401,2022-12-01 21h,21,3,334,西北风,2,0.0,42,,2022-12-01 22h:14m
江苏_苏州_苏州,101190401,2022-12-01 22h,22,3,351,北风,2,0.0,41,39.0,2022-12-02 10h:46m
江苏_苏州_苏州,101190401,2022-12-01 23h,23,2,344,北风,2,0.0,43,38.0,2022-12-02 10h:46m
江苏_苏州_苏州,101190401,2022-12-02 00h,0,2,319,西北风,2,0.0,46,39.0,2022-12-02 10h:46m
江苏_苏州_苏州,101190401,2022-12-02 01h,1,2,333,西北风,2,0.0,46,40.0,2022-12-02 10h:46m
江苏_苏州_苏州,101190401,2022-12-02 02h,2,2,346,北风,2,0.0,44,40.0,2022-12-02 10h:46m
江苏_苏州_苏州,101190401,2022-12-02 03h,3,2,342,北风,2,0.0,46,40.0,2022-12-02 10h:46m
江苏_苏州_苏州,101190401,2022-12-02 04h,4,2,326,西北风,2,0.0,48,40.0,2022-12-02 10h:46m
江苏_苏州_苏州,101190401,2022-12-02 05h,5,2,359,北风,1,0.0,47,41.0,2022-12-02 10h:46m
江苏_苏州_苏州,101190401,2022-12-02 06h,6,2,356,北风,2,0.0,43,39.0,2022-12-02 10h:46m
江苏_苏州_苏州,101190401,2022-12-02 07h,7,2,14,北风,1,0.0,44,38.0,2022-12-02 10h:46m
江苏_苏州_苏州,101190401,2022-12-02 08h,8,2,344,北风,2,0.0,44,40.0,2022-12-02 10h:46m
江苏_苏州_苏州,101190401,2022-12-02 09h,9,3,3,北风,2,0.0,44,43.0,2022-12-02 10h:46m
江苏_苏州_苏州,101190401,2022-12-02 10h,10,5,61,东北风,2,0.0,47,,2022-12-02 10h:46m
江苏_苏州_苏州,101190401,2022-12-02 11h,11,6,330,西北风,1,0.0,44,51.0,2022-12-02 17h:14m
江苏_苏州_苏州,101190401,2022-12-02 12h,12,6,90,东风,1,0.0,48,51.0,2022-12-02 17h:14m
江苏_苏州_苏州,101190401,2022-12-02 13h,13,6,339,北风,1,0.0,48,52.0,2022-12-02 17h:14m
江苏_苏州_苏州,101190401,2022-12-02 14h,14,6,357,北风,1,0.0,50,54.0,2022-12-02 17h:14m
江苏_苏州_苏州,101190401,2022-12-02 15h,15,6,345,北风,1,0.0,52,55.0,2022-12-02 17h:14m
江苏_苏州_苏州,101190401,2022-12-02 16h,16,6,5,北风,1,0.0,52,56.0,2022-12-02 17h:14m
江苏_苏州_苏州,101190401,2022-12-02 17h,17,6,135,东南风,1,0.0,53,57.0,2022-12-02 22h:13m
江苏_苏州_苏州,101190401,2022-12-02 18h,18,6,225,西南风,1,0.0,57,59.0,2022-12-02 22h:13m
江苏_苏州_苏州,101190401,2022-12-02 19h,19,6,234,西南风,1,0.0,56,60.0,2022-12-02 22h:13m
江苏_苏州_苏州,101190401,2022-12-02 20h,20,6,244,西南风,1,0.0,60,61.0,2022-12-02 22h:13m
江苏_苏州_苏州,101190401,2022-12-02 21h,21,6,253,西风,2,0.0,64,,2022-12-02 22h:13m
江苏_苏州_苏州,101190401,2022-12-02 22h,22,6,250,西风,2,0.0,65,61.0,2022-12-03 10h:35m
江苏_苏州_苏州,101190401,2022-12-02 23h,23,6,286,西风,1,0.0,65,60.0,2022-12-03 10h:35m
江苏_苏州_苏州,101190401,2022-12-03 00h,0,5,283,西风,1,0.0,75,60.0,2022-12-03 10h:35m
江苏_苏州_苏州,101190401,2022-12-03 01h,1,5,264,西风,2,0.2,86,62.0,2022-12-03 10h:35m
江苏_苏州_苏州,101190401,2022-12-03 02h,2,4,217,西南风,1,0.1,91,63.0,2022-12-03 10h:35m
江苏_苏州_苏州,101190401,2022-12-03 03h,3,4,217,西南风,1,0.1,93,63.0,2022-12-03 10h:35m
江苏_苏州_苏州,101190401,2022-12-03 04h,4,5,196,南风,1,0.0,92,62.0,2022-12-03 10h:35m
江苏_苏州_苏州,101190401,2022-12-03 05h,5,5,107,东风,1,0.0,90,,2022-12-03 10h:35m
江苏_苏州_苏州,101190401,2022-12-03 06h,6,5,315,西北风,1,0.0,91,,2022-12-03 10h:35m
江苏_苏州_苏州,101190401,2022-12-03 07h,7,5,286,西风,1,0.0,91,62.0,2022-12-03 10h:35m
江苏_苏州_苏州,101190401,2022-12-03 08h,8,5,326,西北风,1,0.0,92,63.0,2022-12-03 10h:35m
江苏_苏州_苏州,101190401,2022-12-03 09h,9,6,335,西北风,2,0.0,94,69.0,2022-12-03 10h:35m
江苏_苏州_苏州,101190401,2022-12-03 10h,10,6,340,北风,2,0.3,95,,2022-12-03 10h:35m
江苏_苏州_苏州,101190401,2022-12-03 11h,11,5,352,北风,2,0.6,96,77.0,2022-12-03 17h:13m
江苏_苏州_苏州,101190401,2022-12-03 12h,12,5,344,北风,3,0.4,96,77.0,2022-12-03 17h:13m
江苏_苏州_苏州,101190401,2022-12-03 13h,13,6,1,北风,2,0.7,96,64.0,2022-12-03 17h:13m
江苏_苏州_苏州,101190401,2022-12-03 14h,14,6,28,东北风,2,0.0,95,50.0,2022-12-03 17h:13m
江苏_苏州_苏州,101190401,2022-12-03 15h,15,6,12,北风,2,1.0,96,40.0,2022-12-03 17h:13m
江苏_苏州_苏州,101190401,2022-12-03 16h,16,6,338,北风,1,0.5,97,,2022-12-03 17h:13m
江苏_苏州_苏州,101190401,2022-12-03 17h,17,6,329,西北风,2,0.6,97,25.0,2022-12-03 22h:12m
江苏_苏州_苏州,101190401,2022-12-03 18h,18,6,352,北风,2,0.4,97,29.0,2022-12-03 22h:12m
江苏_苏州_苏州,101190401,2022-12-03 19h,19,7,336,西北风,2,0.5,97,32.0,2022-12-03 22h:12m
江苏_苏州_苏州,101190401,2022-12-03 20h,20,7,12,北风,2,0.6,97,35.0,2022-12-03 22h:12m
江苏_苏州_苏州,101190401,2022-12-03 21h,21,7,355,北风,2,0.6,97,23.0,2022-12-03 22h:12m
江苏_苏州_苏州,101190401,2022-12-03 22h,22,7,332,西北风,2,0.6,97,18.0,2022-12-04 10h:42m
江苏_苏州_苏州,101190401,2022-12-03 23h,23,7,351,北风,2,0.5,97,30.0,2022-12-04 10h:42m
江苏_苏州_苏州,101190401,2022-12-04 00h,0,7,358,北风,2,0.0,97,42.0,2022-12-04 10h:42m
江苏_苏州_苏州,101190401,2022-12-04 01h,1,7,353,北风,2,0.5,97,42.0,2022-12-04 10h:42m
江苏_苏州_苏州,101190401,2022-12-04 02h,2,7,21,北风,2,0.0,95,35.0,2022-12-04 10h:42m
江苏_苏州_苏州,101190401,2022-12-04 03h,3,7,28,东北风,3,0.0,95,30.0,2022-12-04 10h:42m
江苏_苏州_苏州,101190401,2022-12-04 04h,4,7,25,东北风,3,0.1,95,30.0,2022-12-04 10h:42m
江苏_苏州_苏州,101190401,2022-12-04 05h,5,7,341,北风,2,0.0,93,34.0,2022-12-04 10h:42m
江苏_苏州_苏州,101190401,2022-12-04 06h,6,8,337,西北风,2,0.0,91,39.0,2022-12-04 10h:42m
江苏_苏州_苏州,101190401,2022-12-04 07h,7,7,349,北风,2,0.1,93,45.0,2022-12-04 10h:42m
江苏_苏州_苏州,101190401,2022-12-04 08h,8,8,4,北风,2,0.0,92,51.0,2022-12-04 10h:42m
江苏_苏州_苏州,101190401,2022-12-04 09h,9,8,25,东北风,3,0.3,93,43.0,2022-12-04 10h:42m
江苏_苏州_苏州,101190401,2022-12-04 10h,10,8,27,东北风,3,0.0,90,39.0,2022-12-04 17h:13m
江苏_苏州_苏州,101190401,2022-12-04 11h,11,8,29,东北风,3,0.1,94,43.0,2022-12-04 17h:13m
江苏_苏州_苏州,101190401,2022-12-04 12h,12,8,29,东北风,4,0.0,94,35.0,2022-12-04 17h:13m
江苏_苏州_苏州,101190401,2022-12-04 13h,13,8,30,东北风,3,0.0,88,27.0,2022-12-04 17h:13m
江苏_苏州_苏州,101190401,2022-12-04 14h,14,7,29,东北风,4,0.0,88,24.0,2022-12-04 17h:13m
江苏_苏州_苏州,101190401,2022-12-04 15h,15,7,34,东北风,3,0.0,78,22.0,2022-12-04 17h:13m
江苏_苏州_苏州,101190401,2022-12-04 16h,16,7,24,东北风,3,0.0,77,20.0,2022-12-04 17h:13m
江苏_苏州_苏州,101190401,2022-12-04 17h,17,7,27,东北风,3,0.0,75,18.0,2022-12-04 22h:12m
江苏_苏州_苏州,101190401,2022-12-04 18h,18,8,25,东北风,3,0.0,73,19.0,2022-12-04 22h:12m
江苏_苏州_苏州,101190401,2022-12-04 19h,19,7,32,东北风,3,0.0,77,18.0,2022-12-04 22h:12m
江苏_苏州_苏州,101190401,2022-12-04 20h,20,7,21,北风,3,0.1,82,18.0,2022-12-04 22h:12m
江苏_苏州_苏州,101190401,2022-12-04 21h,21,6,13,北风,2,0.4,90,,2022-12-04 22h:12m
江苏_苏州_苏州,101190401,2022-12-04 22h,22,6,338,北风,2,0.5,93,21.0,2022-12-05 10h:40m
江苏_苏州_苏州,101190401,2022-12-04 23h,23,6,11,北风,2,0.5,92,21.0,2022-12-05 10h:40m
江苏_苏州_苏州,101190401,2022-12-05 00h,0,6,28,东北风,3,0.4,91,17.0,2022-12-05 10h:40m
江苏_苏州_苏州,101190401,2022-12-05 01h,1,5,356,北风,2,1.1,91,18.0,2022-12-05 10h:40m
江苏_苏州_苏州,101190401,2022-12-05 02h,2,5,3,北风,2,0.4,93,17.0,2022-12-05 10h:40m
江苏_苏州_苏州,101190401,2022-12-05 03h,3,5,311,西北风,2,0.1,94,18.0,2022-12-05 10h:40m
江苏_苏州_苏州,101190401,2022-12-05 04h,4,5,322,西北风,2,0.6,94,24.0,2022-12-05 10h:40m
江苏_苏州_苏州,101190401,2022-12-05 05h,5,5,327,西北风,2,0.2,92,28.0,2022-12-05 10h:40m
江苏_苏州_苏州,101190401,2022-12-05 06h,6,5,333,西北风,2,0.0,91,26.0,2022-12-05 10h:40m
江苏_苏州_苏州,101190401,2022-12-05 07h,7,5,328,西北风,2,0.0,87,26.0,2022-12-05 10h:40m
江苏_苏州_苏州,101190401,2022-12-05 08h,8,5,327,西北风,2,0.0,84,26.0,2022-12-05 10h:40m
江苏_苏州_苏州,101190401,2022-12-05 09h,9,6,334,西北风,2,0.0,80,26.0,2022-12-05 10h:40m
江苏_苏州_苏州,101190401,2022-12-05 10h,10,6,329,西北风,2,0.0,73,30.0,2022-12-05 17h:14m
江苏_苏州_苏州,101190401,2022-12-05 11h,11,7,342,北风,2,0.0,69,34.0,2022-12-05 17h:14m
江苏_苏州_苏州,101190401,2022-12-05 12h,12,8,354,北风,2,0.0,62,36.0,2022-12-05 17h:14m
江苏_苏州_苏州,101190401,2022-12-05 13h,13,9,351,北风,2,0.0,54,38.0,2022-12-05 17h:14m
江苏_苏州_苏州,101190401,2022-12-05 14h,14,10,358,北风,2,0.0,54,37.0,2022-12-05 17h:14m
江苏_苏州_苏州,101190401,2022-12-05 15h,15,9,6,北风,2,0.0,56,38.0,2022-12-05 17h:14m
江苏_苏州_苏州,101190401,2022-12-05 16h,16,9,10,北风,2,0.0,57,,2022-12-05 17h:14m
江苏_苏州_苏州,101190401,2022-12-05 17h,17,9,19,北风,2,0.0,60,37.0,2022-12-05 22h:13m
江苏_苏州_苏州,101190401,2022-12-05 18h,18,8,8,北风,1,0.0,64,40.0,2022-12-05 22h:13m
江苏_苏州_苏州,101190401,2022-12-05 19h,19,8,20,北风,2,0.0,68,43.0,2022-12-05 22h:13m
江苏_苏州_苏州,101190401,2022-12-05 20h,20,7,23,东北风,2,0.0,70,40.0,2022-12-05 22h:13m
江苏_苏州_苏州,101190401,2022-12-05 21h,21,6,46,东北风,1,0.0,75,35.0,2022-12-05 22h:13m
江苏_苏州_苏州,101190401,2022-12-05 22h,22,6,3,北风,1,0.0,78,31.0,2022-12-06 10h:42m
江苏_苏州_苏州,101190401,2022-12-05 23h,23,5,355,北风,1,0.0,84,33.0,2022-12-06 10h:42m
江苏_苏州_苏州,101190401,2022-12-06 00h,0,5,17,北风,1,0.0,87,37.0,2022-12-06 10h:42m
江苏_苏州_苏州,101190401,2022-12-06 01h,1,4,337,西北风,1,0.0,86,40.0,2022-12-06 10h:42m
江苏_苏州_苏州,101190401,2022-12-06 02h,2,4,135,东南风,0,0.0,93,42.0,2022-12-06 10h:42m
江苏_苏州_苏州,101190401,2022-12-06 03h,3,4,135,东南风,1,0.0,89,42.0,2022-12-06 10h:42m
江苏_苏州_苏州,101190401,2022-12-06 04h,4,4,4,北风,2,0.0,84,41.0,2022-12-06 10h:42m
江苏_苏州_苏州,101190401,2022-12-06 05h,5,3,135,东南风,1,0.0,90,40.0,2022-12-06 10h:42m
江苏_苏州_苏州,101190401,2022-12-06 06h,6,3,135,东南风,0,0.0,94,41.0,2022-12-06 10h:42m
江苏_苏州_苏州,101190401,2022-12-06 07h,7,3,135,东南风,0,0.0,96,44.0,2022-12-06 10h:42m
江苏_苏州_苏州,101190401,2022-12-06 08h,8,4,244,西南风,1,0.0,91,48.0,2022-12-06 10h:42m
江苏_苏州_苏州,101190401,2022-12-06 09h,9,7,203,西南风,1,0.0,79,44.0,2022-12-06 10h:42m
江苏_苏州_苏州,101190401,2022-12-06 10h,10,9,123,东南风,1,0.0,54,32.0,2022-12-06 17h:14m
江苏_苏州_苏州,101190401,2022-12-06 11h,11,10,233,西南风,2,0.0,50,33.0,2022-12-06 17h:14m
江苏_苏州_苏州,101190401,2022-12-06 12h,12,10,271,西风,1,0.0,42,36.0,2022-12-06 17h:14m
江苏_苏州_苏州,101190401,2022-12-06 13h,13,11,93,东风,1,0.0,41,35.0,2022-12-06 17h:14m
江苏_苏州_苏州,101190401,2022-12-06 14h,14,12,235,西南风,1,0.0,38,36.0,2022-12-06 17h:14m
江苏_苏州_苏州,101190401,2022-12-06 15h,15,12,20,北风,1,0.0,37,38.0,2022-12-06 17h:14m
江苏_苏州_苏州,101190401,2022-12-06 16h,16,11,95,东风,1,0.0,45,,2022-12-06 17h:14m
江苏_苏州_苏州,101190401,2022-12-06 17h,17,9,108,东风,1,0.0,52,38.0,2022-12-06 22h:13m
江苏_苏州_苏州,101190401,2022-12-06 18h,18,7,283,西风,1,0.0,74,45.0,2022-12-06 22h:13m
江苏_苏州_苏州,101190401,2022-12-06 19h,19,6,298,西北风,1,0.0,74,56.0,2022-12-06 22h:13m
江苏_苏州_苏州,101190401,2022-12-06 20h,20,6,341,北风,1,0.0,82,60.0,2022-12-06 22h:13m
江苏_苏州_苏州,101190401,2022-12-06 21h,21,6,146,东南风,1,0.0,88,,2022-12-06 22h:13m
江苏_苏州_苏州,101190401,2022-12-06 22h,22,6,61,东北风,1,0.0,87,64.0,2022-12-07 10h:48m
江苏_苏州_苏州,101190401,2022-12-06 23h,23,5,80,东风,2,0.0,88,64.0,2022-12-07 10h:48m
江苏_苏州_苏州,101190401,2022-12-07 00h,0,5,91,东风,1,0.0,90,63.0,2022-12-07 10h:48m
江苏_苏州_苏州,101190401,2022-12-07 01h,1,5,99,东风,1,0.0,91,63.0,2022-12-07 10h:48m
江苏_苏州_苏州,101190401,2022-12-07 02h,2,5,53,东北风,1,0.0,91,61.0,2022-12-07 10h:48m
江苏_苏州_苏州,101190401,2022-12-07 03h,3,4,49,东北风,1,0.0,92,60.0,2022-12-07 10h:48m
江苏_苏州_苏州,101190401,2022-12-07 04h,4,4,53,东北风,1,0.0,93,58.0,2022-12-07 10h:48m
江苏_苏州_苏州,101190401,2022-12-07 05h,5,4,31,东北风,1,0.0,94,58.0,2022-12-07 10h:48m
江苏_苏州_苏州,101190401,2022-12-07 06h,6,4,34,东北风,2,0.0,96,58.0,2022-12-07 10h:48m
江苏_苏州_苏州,101190401,2022-12-07 07h,7,4,61,东北风,2,0.0,95,57.0,2022-12-07 10h:48m
江苏_苏州_苏州,101190401,2022-12-07 08h,8,6,74,东风,2,0.0,91,60.0,2022-12-07 10h:48m
江苏_苏州_苏州,101190401,2022-12-07 09h,9,8,77,东风,2,0.0,80,59.0,2022-12-07 10h:48m
江苏_苏州_苏州,101190401,2022-12-07 10h,10,9,83,东风,2,0.0,73,59.0,2022-12-07 17h:14m
江苏_苏州_苏州,101190401,2022-12-07 11h,11,9,72,东风,2,0.0,58,63.0,2022-12-07 17h:14m
江苏_苏州_苏州,101190401,2022-12-07 12h,12,10,67,东北风,1,0.0,58,68.0,2022-12-07 17h:14m
江苏_苏州_苏州,101190401,2022-12-07 13h,13,11,105,东风,2,0.0,55,73.0,2022-12-07 17h:14m
江苏_苏州_苏州,101190401,2022-12-07 14h,14,11,80,东风,2,0.0,54,74.0,2022-12-07 17h:14m
江苏_苏州_苏州,101190401,2022-12-07 15h,15,11,71,东风,2,0.0,54,74.0,2022-12-07 17h:14m
江苏_苏州_苏州,101190401,2022-12-07 16h,16,10,66,东北风,2,0.0,55,,2022-12-07 17h:14m
江苏_苏州_苏州,101190401,2022-12-07 17h,17,10,82,东风,1,0.0,58,75.0,2022-12-07 22h:13m
江苏_苏州_苏州,101190401,2022-12-07 18h,18,10,78,东风,1,0.0,60,74.0,2022-12-07 22h:13m
江苏_苏州_苏州,101190401,2022-12-07 19h,19,10,76,东风,1,0.0,60,76.0,2022-12-07 22h:13m
江苏_苏州_苏州,101190401,2022-12-07 20h,20,9,79,东风,2,0.0,65,76.0,2022-12-07 22h:13m
江苏_苏州_苏州,101190401,2022-12-07 21h,21,9,94,东风,2,0.0,66,72.0,2022-12-07 22h:13m
江苏_苏州_苏州,101190401,2022-12-07 22h,22,9,71,东风,2,0.0,73,72.0,2022-12-08 10h:43m
江苏_苏州_苏州,101190401,2022-12-07 23h,23,9,79,东风,2,0.0,73,73.0,2022-12-08 10h:43m
江苏_苏州_苏州,101190401,2022-12-08 00h,0,9,99,东风,2,0.0,71,74.0,2022-12-08 10h:43m
江苏_苏州_苏州,101190401,2022-12-08 01h,1,9,69,东风,2,0.0,70,75.0,2022-12-08 10h:43m
江苏_苏州_苏州,101190401,2022-12-08 02h,2,9,80,东风,1,0.0,74,76.0,2022-12-08 10h:43m
江苏_苏州_苏州,101190401,2022-12-08 03h,3,9,76,东风,2,0.0,76,,2022-12-08 10h:43m
江苏_苏州_苏州,101190401,2022-12-08 04h,4,9,49,东北风,1,0.0,77,79.0,2022-12-08 10h:43m
江苏_苏州_苏州,101190401,2022-12-08 05h,5,9,80,东风,1,0.0,81,80.0,2022-12-08 10h:43m
江苏_苏州_苏州,101190401,2022-12-08 06h,6,9,81,东风,2,0.0,82,84.0,2022-12-08 10h:43m
江苏_苏州_苏州,101190401,2022-12-08 07h,7,9,85,东风,2,0.0,81,85.0,2022-12-08 10h:43m
江苏_苏州_苏州,101190401,2022-12-08 08h,8,10,84,东风,2,0.0,79,83.0,2022-12-08 10h:43m
江苏_苏州_苏州,101190401,2022-12-08 09h,9,11,102,东风,2,0.0,77,80.0,2022-12-08 10h:43m
江苏_苏州_苏州,101190401,2022-12-08 10h,10,12,102,东风,2,0.0,72,,2022-12-08 10h:43m
江苏_苏州_苏州,101190401,2022-12-08 11h,11,13,108,东风,2,0.0,68,68.0,2022-12-08 17h:14m
江苏_苏州_苏州,101190401,2022-12-08 12h,12,15,119,东南风,2,0.0,63,60.0,2022-12-08 17h:14m
江苏_苏州_苏州,101190401,2022-12-08 13h,13,14,138,东南风,1,0.0,61,60.0,2022-12-08 17h:14m
江苏_苏州_苏州,101190401,2022-12-08 14h,14,13,193,南风,1,0.0,65,63.0,2022-12-08 17h:14m
江苏_苏州_苏州,101190401,2022-12-08 15h,15,12,295,西北风,2,0.0,73,65.0,2022-12-08 17h:14m
江苏_苏州_苏州,101190401,2022-12-08 16h,16,12,272,西风,2,0.0,77,,2022-12-08 17h:14m
江苏_苏州_苏州,101190401,2022-12-08 17h,17,11,299,西北风,2,0.0,76,77.0,2022-12-08 22h:13m
江苏_苏州_苏州,101190401,2022-12-08 18h,18,11,273,西风,2,0.0,79,81.0,2022-12-08 22h:13m
江苏_苏州_苏州,101190401,2022-12-08 19h,19,10,250,西风,1,0.0,87,84.0,2022-12-08 22h:13m
江苏_苏州_苏州,101190401,2022-12-08 20h,20,10,299,西北风,1,0.0,90,,2022-12-08 22h:13m
江苏_苏州_苏州,101190401,2022-12-08 21h,21,10,282,西风,1,0.0,91,,2022-12-08 22h:13m
江苏_苏州_苏州,101190401,2022-12-08 22h,22,10,279,西风,1,0.0,90,83.0,2022-12-09 10h:44m
江苏_苏州_苏州,101190401,2022-12-08 23h,23,10,135,东南风,0,0.0,90,83.0,2022-12-09 10h:44m
江苏_苏州_苏州,101190401,2022-12-09 00h,0,10,254,西风,1,0.0,90,84.0,2022-12-09 10h:44m
江苏_苏州_苏州,101190401,2022-12-09 01h,1,10,287,西风,2,0.0,91,89.0,2022-12-09 10h:44m
江苏_苏州_苏州,101190401,2022-12-09 02h,2,10,288,西风,1,0.9,95,95.0,2022-12-09 10h:44m
江苏_苏州_苏州,101190401,2022-12-09 03h,3,10,310,西北风,1,0.4,96,107.0,2022-12-09 10h:44m
江苏_苏州_苏州,101190401,2022-12-09 04h,4,10,303,西北风,1,0.2,97,113.0,2022-12-09 10h:44m
江苏_苏州_苏州,101190401,2022-12-09 05h,5,10,300,西北风,2,0.2,97,112.0,2022-12-09 10h:44m
江苏_苏州_苏州,101190401,2022-12-09 06h,6,10,296,西北风,2,0.0,97,107.0,2022-12-09 10h:44m
江苏_苏州_苏州,101190401,2022-12-09 07h,7,10,294,西北风,2,1.7,98,87.0,2022-12-09 10h:44m
江苏_苏州_苏州,101190401,2022-12-09 08h,8,10,293,西北风,2,1.4,98,62.0,2022-12-09 10h:44m
江苏_苏州_苏州,101190401,2022-12-09 09h,9,10,262,西风,2,1.3,98,53.0,2022-12-09 10h:44m
江苏_苏州_苏州,101190401,2022-12-09 10h,10,10,268,西风,2,0.0,98,,2022-12-09 10h:44m
江苏_苏州_苏州,101190401,2022-12-09 11h,11,10,270,西风,3,0.8,98,64.0,2022-12-09 17h:14m
江苏_苏州_苏州,101190401,2022-12-09 12h,12,10,276,西风,3,0.9,98,67.0,2022-12-09 17h:14m
江苏_苏州_苏州,101190401,2022-12-09 13h,13,10,282,西风,2,0.2,97,72.0,2022-12-09 17h:14m
江苏_苏州_苏州,101190401,2022-12-09 14h,14,10,286,西风,2,0.0,96,68.0,2022-12-09 17h:14m
江苏_苏州_苏州,101190401,2022-12-09 15h,15,10,289,西风,2,0.0,96,73.0,2022-12-09 17h:14m
江苏_苏州_苏州,101190401,2022-12-09 16h,16,10,286,西风,2,0.0,97,,2022-12-09 17h:14m
江苏_苏州_苏州,101190401,2022-12-09 17h,17,10,284,西风,2,0.1,98,80.0,2022-12-09 22h:13m
江苏_苏州_苏州,101190401,2022-12-09 18h,18,10,273,西风,2,0.3,98,69.0,2022-12-09 22h:13m
江苏_苏州_苏州,101190401,2022-12-09 19h,19,10,268,西风,2,0.5,98,57.0,2022-12-09 22h:13m
江苏_苏州_苏州,101190401,2022-12-09 20h,20,10,272,西风,2,0.2,98,54.0,2022-12-09 22h:13m
江苏_苏州_苏州,101190401,2022-12-09 21h,21,10,271,西风,2,0.0,98,,2022-12-09 22h:13m
江苏_苏州_苏州,101190401,2022-12-09 22h,22,10,271,西风,2,0.0,98,62.0,2022-12-10 10h:38m
江苏_苏州_苏州,101190401,2022-12-09 23h,23,10,273,西风,2,0.1,99,54.0,2022-12-10 10h:38m
江苏_苏州_苏州,101190401,2022-12-10 00h,0,9,269,西风,2,0.0,99,55.0,2022-12-10 10h:38m
江苏_苏州_苏州,101190401,2022-12-10 01h,1,10,277,西风,2,0.0,99,63.0,2022-12-10 10h:38m
江苏_苏州_苏州,101190401,2022-12-10 02h,2,10,266,西风,2,0.0,99,77.0,2022-12-10 10h:38m
江苏_苏州_苏州,101190401,2022-12-10 03h,3,9,277,西风,3,0.0,99,98.0,2022-12-10 10h:38m
江苏_苏州_苏州,101190401,2022-12-10 04h,4,9,283,西风,3,0.0,99,119.0,2022-12-10 10h:38m
江苏_苏州_苏州,101190401,2022-12-10 05h,5,9,270,西风,2,0.0,99,113.0,2022-12-10 10h:38m
江苏_苏州_苏州,101190401,2022-12-10 06h,6,9,281,西风,2,0.0,99,103.0,2022-12-10 10h:38m
江苏_苏州_苏州,101190401,2022-12-10 07h,7,9,285,西风,2,0.0,98,93.0,2022-12-10 10h:38m
江苏_苏州_苏州,101190401,2022-12-10 08h,8,10,290,西风,2,0.0,98,79.0,2022-12-10 10h:38m
江苏_苏州_苏州,101190401,2022-12-10 09h,9,10,277,西风,2,0.0,98,69.0,2022-12-10 10h:38m
江苏_苏州_苏州,101190401,2022-12-10 10h,10,10,274,西风,2,0.0,95,,2022-12-10 10h:38m
江苏_苏州_苏州,101190401,2022-12-10 11h,11,11,268,西风,3,0.0,91,74.0,2022-12-10 17h:13m
江苏_苏州_苏州,101190401,2022-12-10 12h,12,10,269,西风,3,0.0,93,95.0,2022-12-10 17h:13m
江苏_苏州_苏州,101190401,2022-12-10 13h,13,10,280,西风,3,0.0,92,109.0,2022-12-10 17h:13m
江苏_苏州_苏州,101190401,2022-12-10 14h,14,11,298,西北风,3,0.0,89,95.0,2022-12-10 17h:13m
江苏_苏州_苏州,101190401,2022-12-10 15h,15,11,306,西北风,3,0.0,84,79.0,2022-12-10 17h:13m
江苏_苏州_苏州,101190401,2022-12-10 16h,16,11,309,西北风,3,0.0,86,68.0,2022-12-10 22h:12m
江苏_苏州_苏州,101190401,2022-12-10 17h,17,10,318,西北风,2,0.0,87,60.0,2022-12-10 22h:12m
江苏_苏州_苏州,101190401,2022-12-10 18h,18,10,330,西北风,3,0.0,92,55.0,2022-12-10 22h:12m
江苏_苏州_苏州,101190401,2022-12-10 19h,19,9,354,北风,3,0.0,92,42.0,2022-12-10 22h:12m
江苏_苏州_苏州,101190401,2022-12-10 20h,20,9,12,北风,2,0.0,88,39.0,2022-12-10 22h:12m
江苏_苏州_苏州,101190401,2022-12-10 21h,21,9,338,北风,2,0.0,86,,2022-12-10 22h:12m
江苏_苏州_苏州,101190401,2022-12-10 22h,22,9,349,北风,3,0.0,82,140.0,2022-12-11 10h:48m
江苏_苏州_苏州,101190401,2022-12-10 23h,23,9,1,北风,3,0.0,80,169.0,2022-12-11 10h:48m
江苏_苏州_苏州,101190401,2022-12-11 00h,0,8,354,北风,3,0.0,78,178.0,2022-12-11 10h:48m
江苏_苏州_苏州,101190401,2022-12-11 01h,1,7,342,北风,3,0.0,75,169.0,2022-12-11 10h:48m
江苏_苏州_苏州,101190401,2022-12-11 02h,2,6,339,北风,2,0.0,74,130.0,2022-12-11 10h:48m
江苏_苏州_苏州,101190401,2022-12-11 03h,3,5,334,西北风,2,0.0,75,80.0,2022-12-11 10h:48m
江苏_苏州_苏州,101190401,2022-12-11 04h,4,5,347,北风,2,0.0,76,53.0,2022-12-11 10h:48m
江苏_苏州_苏州,101190401,2022-12-11 05h,5,4,344,北风,2,0.0,76,39.0,2022-12-11 10h:48m
江苏_苏州_苏州,101190401,2022-12-11 06h,6,4,339,北风,2,0.0,76,30.0,2022-12-11 10h:48m
江苏_苏州_苏州,101190401,2022-12-11 07h,7,3,339,北风,2,0.0,77,27.0,2022-12-11 10h:48m
江苏_苏州_苏州,101190401,2022-12-11 08h,8,4,349,北风,2,0.0,74,26.0,2022-12-11 10h:48m
江苏_苏州_苏州,101190401,2022-12-11 09h,9,5,358,北风,2,0.0,66,26.0,2022-12-11 10h:48m
江苏_苏州_苏州,101190401,2022-12-11 10h,10,7,12,北风,3,0.0,59,,2022-12-11 10h:48m
江苏_苏州_苏州,101190401,2022-12-11 11h,11,8,13,北风,3,0.0,56,25.0,2022-12-11 17h:13m
江苏_苏州_苏州,101190401,2022-12-11 12h,12,9,30,东北风,3,0.0,53,24.0,2022-12-11 17h:13m
江苏_苏州_苏州,101190401,2022-12-11 13h,13,9,15,北风,3,0.0,49,23.0,2022-12-11 17h:13m
江苏_苏州_苏州,101190401,2022-12-11 14h,14,9,32,东北风,3,0.0,50,24.0,2022-12-11 17h:13m
江苏_苏州_苏州,101190401,2022-12-11 15h,15,8,27,东北风,3,0.0,52,23.0,2022-12-11 17h:13m
江苏_苏州_苏州,101190401,2022-12-11 16h,16,8,27,东北风,3,0.0,53,,2022-12-11 17h:13m
江苏_苏州_苏州,101190401,2022-12-11 17h,17,7,25,东北风,2,0.0,54,20.0,2022-12-11 22h:13m
江苏_苏州_苏州,101190401,2022-12-11 18h,18,7,29,东北风,2,0.0,55,20.0,2022-12-11 22h:13m
江苏_苏州_苏州,101190401,2022-12-11 19h,19,7,23,东北风,2,0.0,56,19.0,2022-12-11 22h:13m
江苏_苏州_苏州,101190401,2022-12-11 20h,20,7,24,东北风,2,0.0,58,,2022-12-11 22h:13m
江苏_苏州_苏州,101190401,2022-12-11 21h,21,7,353,北风,2,0.0,60,,2022-12-11 22h:13m
江苏_苏州_苏州,101190401,2022-12-11 22h,22,6,353,北风,1,0.0,61,17.0,2022-12-12 10h:47m
江苏_苏州_苏州,101190401,2022-12-11 23h,23,6,8,北风,1,0.0,65,20.0,2022-12-12 10h:47m
江苏_苏州_苏州,101190401,2022-12-12 00h,0,5,308,西北风,2,0.0,66,22.0,2022-12-12 10h:47m
江苏_苏州_苏州,101190401,2022-12-12 01h,1,5,356,北风,2,0.0,70,24.0,2022-12-12 10h:47m
江苏_苏州_苏州,101190401,2022-12-12 02h,2,4,359,北风,1,0.0,71,27.0,2022-12-12 10h:47m
江苏_苏州_苏州,101190401,2022-12-12 03h,3,4,333,西北风,2,0.0,70,29.0,2022-12-12 10h:47m
江苏_苏州_苏州,101190401,2022-12-12 04h,4,4,339,北风,2,0.0,71,31.0,2022-12-12 10h:47m
江苏_苏州_苏州,101190401,2022-12-12 05h,5,4,312,西北风,2,0.0,72,35.0,2022-12-12 10h:47m
江苏_苏州_苏州,101190401,2022-12-12 06h,6,4,331,西北风,2,0.0,68,39.0,2022-12-12 10h:47m
江苏_苏州_苏州,101190401,2022-12-12 07h,7,4,341,北风,2,0.0,66,41.0,2022-12-12 10h:47m
江苏_苏州_苏州,101190401,2022-12-12 08h,8,5,338,北风,2,0.0,64,41.0,2022-12-12 10h:47m
江苏_苏州_苏州,101190401,2022-12-12 09h,9,6,288,西风,2,0.0,60,,2022-12-12 10h:47m
江苏_苏州_苏州,101190401,2022-12-12 10h,10,8,296,西北风,3,0.0,51,,2022-12-12 10h:47m
江苏_苏州_苏州,101190401,2022-12-12 11h,11,8,297,西北风,3,0.0,50,54.0,2022-12-12 17h:15m
江苏_苏州_苏州,101190401,2022-12-12 12h,12,9,273,西风,4,0.0,49,59.0,2022-12-12 17h:15m
江苏_苏州_苏州,101190401,2022-12-12 13h,13,8,277,西风,4,0.0,52,59.0,2022-12-12 17h:15m
江苏_苏州_苏州,101190401,2022-12-12 14h,14,8,282,西风,4,0.0,54,68.0,2022-12-12 17h:15m
江苏_苏州_苏州,101190401,2022-12-12 15h,15,8,279,西风,4,0.0,53,68.0,2022-12-12 17h:15m
江苏_苏州_苏州,101190401,2022-12-12 16h,16,8,279,西风,3,0.0,54,,2022-12-12 17h:15m
江苏_苏州_苏州,101190401,2022-12-12 17h,17,7,266,西风,3,0.0,61,69.0,2022-12-12 22h:13m
江苏_苏州_苏州,101190401,2022-12-12 18h,18,6,263,西风,2,0.0,66,69.0,2022-12-12 22h:13m
江苏_苏州_苏州,101190401,2022-12-12 19h,19,6,271,西风,2,0.0,66,72.0,2022-12-12 22h:13m
江苏_苏州_苏州,101190401,2022-12-12 20h,20,5,268,西风,2,0.0,66,74.0,2022-12-12 22h:13m
江苏_苏州_苏州,101190401,2022-12-12 21h,21,5,279,西风,2,0.0,66,,2022-12-12 22h:13m
江苏_苏州_苏州,101190401,2022-12-12 22h,22,5,289,西风,2,0.0,65,73.0,2022-12-13 10h:50m
江苏_苏州_苏州,101190401,2022-12-12 23h,23,5,286,西风,2,0.0,63,73.0,2022-12-13 10h:50m
江苏_苏州_苏州,101190401,2022-12-13 00h,0,5,295,西北风,2,0.0,62,75.0,2022-12-13 10h:50m
江苏_苏州_苏州,101190401,2022-12-13 01h,1,4,290,西风,2,0.0,64,74.0,2022-12-13 10h:50m
江苏_苏州_苏州,101190401,2022-12-13 02h,2,4,291,西风,2,0.0,67,77.0,2022-12-13 10h:50m
江苏_苏州_苏州,101190401,2022-12-13 03h,3,3,259,西风,2,0.0,72,80.0,2022-12-13 10h:50m
江苏_苏州_苏州,101190401,2022-12-13 04h,4,2,264,西风,1,0.0,81,83.0,2022-12-13 10h:50m
江苏_苏州_苏州,101190401,2022-12-13 05h,5,2,285,西风,1,0.0,84,84.0,2022-12-13 10h:50m
江苏_苏州_苏州,101190401,2022-12-13 06h,6,2,270,西风,2,0.0,82,84.0,2022-12-13 10h:50m
江苏_苏州_苏州,101190401,2022-12-13 07h,7,1,272,西风,1,0.0,86,84.0,2022-12-13 10h:50m
江苏_苏州_苏州,101190401,2022-12-13 08h,8,3,271,西风,2,0.0,72,,2022-12-13 10h:50m
江苏_苏州_苏州,101190401,2022-12-13 09h,9,6,286,西风,2,0.0,57,86.0,2022-12-13 10h:50m
江苏_苏州_苏州,101190401,2022-12-13 10h,10,8,284,西风,4,0.0,45,,2022-12-13 10h:50m
江苏_苏州_苏州,101190401,2022-12-13 11h,11,9,273,西风,4,0.0,43,89.0,2022-12-13 17h:15m
江苏_苏州_苏州,101190401,2022-12-13 12h,12,10,276,西风,4,0.0,41,93.0,2022-12-13 17h:15m
江苏_苏州_苏州,101190401,2022-12-13 13h,13,11,277,西风,3,0.0,36,99.0,2022-12-13 17h:15m
江苏_苏州_苏州,101190401,2022-12-13 14h,14,11,274,西风,3,0.0,38,100.0,2022-12-13 17h:15m
江苏_苏州_苏州,101190401,2022-12-13 15h,15,11,307,西北风,3,0.0,23,104.0,2022-12-13 17h:15m
江苏_苏州_苏州,101190401,2022-12-13 16h,16,11,316,西北风,2,0.0,25,,2022-12-13 17h:15m
江苏_苏州_苏州,101190401,2022-12-13 17h,17,10,321,西北风,1,0.0,30,100.0,2022-12-13 22h:14m
江苏_苏州_苏州,101190401,2022-12-13 18h,18,9,338,北风,2,0.0,29,101.0,2022-12-13 22h:14m
江苏_苏州_苏州,101190401,2022-12-13 19h,19,8,10,北风,1,0.0,31,103.0,2022-12-13 22h:14m
江苏_苏州_苏州,101190401,2022-12-13 20h,20,7,353,北风,2,0.0,34,105.0,2022-12-13 22h:14m
江苏_苏州_苏州,101190401,2022-12-13 21h,21,7,358,北风,2,0.0,39,,2022-12-13 22h:14m
江苏_苏州_苏州,101190401,2022-12-13 22h,22,6,359,北风,2,0.0,46,114.0,2022-12-14 10h:47m
江苏_苏州_苏州,101190401,2022-12-13 23h,23,5,359,北风,2,0.0,48,117.0,2022-12-14 10h:47m
江苏_苏州_苏州,101190401,2022-12-14 00h,0,5,351,北风,1,0.0,48,115.0,2022-12-14 10h:47m
江苏_苏州_苏州,101190401,2022-12-14 01h,1,4,23,东北风,1,0.0,49,111.0,2022-12-14 10h:47m
江苏_苏州_苏州,101190401,2022-12-14 02h,2,4,25,东北风,2,0.0,53,112.0,2022-12-14 10h:47m
江苏_苏州_苏州,101190401,2022-12-14 03h,3,3,356,北风,2,0.0,57,121.0,2022-12-14 10h:47m
江苏_苏州_苏州,101190401,2022-12-14 04h,4,3,11,北风,2,0.0,54,125.0,2022-12-14 10h:47m
江苏_苏州_苏州,101190401,2022-12-14 05h,5,2,356,北风,1,0.0,51,109.0,2022-12-14 10h:47m
江苏_苏州_苏州,101190401,2022-12-14 06h,6,2,353,北风,2,0.0,48,93.0,2022-12-14 10h:47m
江苏_苏州_苏州,101190401,2022-12-14 07h,7,1,9,北风,1,0.0,50,86.0,2022-12-14 10h:47m
江苏_苏州_苏州,101190401,2022-12-14 08h,8,2,1,北风,2,0.0,46,77.0,2022-12-14 10h:47m
江苏_苏州_苏州,101190401,2022-12-14 09h,9,4,24,东北风,2,0.0,39,62.0,2022-12-14 10h:47m
江苏_苏州_苏州,101190401,2022-12-14 10h,10,5,19,北风,2,0.0,36,,2022-12-14 10h:47m
江苏_苏州_苏州,101190401,2022-12-14 11h,11,6,54,东北风,2,0.0,36,50.0,2022-12-14 17h:14m
江苏_苏州_苏州,101190401,2022-12-14 12h,12,6,32,东北风,2,0.0,31,49.0,2022-12-14 17h:14m
江苏_苏州_苏州,101190401,2022-12-14 13h,13,7,55,东北风,2,0.0,27,50.0,2022-12-14 17h:14m
江苏_苏州_苏州,101190401,2022-12-14 14h,14,7,41,东北风,2,0.0,28,51.0,2022-12-14 17h:14m
江苏_苏州_苏州,101190401,2022-12-14 15h,15,7,225,西南风,1,0.0,24,52.0,2022-12-14 17h:14m
江苏_苏州_苏州,101190401,2022-12-14 16h,16,7,352,北风,1,0.0,27,,2022-12-14 17h:14m
江苏_苏州_苏州,101190401,2022-12-14 17h,17,5,219,西南风,1,0.0,38,54.0,2022-12-14 22h:13m
江苏_苏州_苏州,101190401,2022-12-14 18h,18,4,115,东南风,1,0.0,53,57.0,2022-12-14 22h:13m
江苏_苏州_苏州,101190401,2022-12-14 19h,19,3,63,东北风,2,0.0,48,60.0,2022-12-14 22h:13m
江苏_苏州_苏州,101190401,2022-12-14 20h,20,3,88,东风,2,0.0,59,63.0,2022-12-14 22h:13m
江苏_苏州_苏州,101190401,2022-12-14 21h,21,2,95,东风,1,0.0,63,,2022-12-14 22h:13m
江苏_苏州_苏州,101190401,2022-12-14 22h,22,2,93,东风,1,0.0,69,66.0,2022-12-15 10h:46m
江苏_苏州_苏州,101190401,2022-12-14 23h,23,2,90,东风,1,0.0,61,67.0,2022-12-15 10h:46m
江苏_苏州_苏州,101190401,2022-12-15 00h,0,2,69,东风,1,0.0,63,65.0,2022-12-15 10h:46m
江苏_苏州_苏州,101190401,2022-12-15 01h,1,2,67,东北风,1,0.0,61,65.0,2022-12-15 10h:46m
江苏_苏州_苏州,101190401,2022-12-15 02h,2,1,108,东风,1,0.0,73,64.0,2022-12-15 10h:46m
江苏_苏州_苏州,101190401,2022-12-15 03h,3,1,99,东风,1,0.0,80,65.0,2022-12-15 10h:46m
江苏_苏州_苏州,101190401,2022-12-15 04h,4,1,81,东风,2,0.0,78,64.0,2022-12-15 10h:46m
江苏_苏州_苏州,101190401,2022-12-15 05h,5,1,235,西南风,1,0.0,86,64.0,2022-12-15 10h:46m
江苏_苏州_苏州,101190401,2022-12-15 06h,6,1,144,东南风,2,0.0,84,65.0,2022-12-15 10h:46m
江苏_苏州_苏州,101190401,2022-12-15 07h,7,3,157,东南风,2,0.0,65,65.0,2022-12-15 10h:46m
江苏_苏州_苏州,101190401,2022-12-15 08h,8,5,159,南风,2,0.0,60,66.0,2022-12-15 10h:46m
江苏_苏州_苏州,101190401,2022-12-15 09h,9,6,175,南风,3,0.0,54,,2022-12-15 10h:46m
江苏_苏州_苏州,101190401,2022-12-15 10h,10,9,164,南风,2,0.0,42,72.0,2022-12-15 17h:15m
江苏_苏州_苏州,101190401,2022-12-15 11h,11,10,183,南风,2,0.0,37,76.0,2022-12-15 17h:15m
江苏_苏州_苏州,101190401,2022-12-15 12h,12,11,179,南风,2,0.0,34,73.0,2022-12-15 17h:15m
江苏_苏州_苏州,101190401,2022-12-15 13h,13,11,129,东南风,2,0.0,30,69.0,2022-12-15 17h:15m
江苏_苏州_苏州,101190401,2022-12-15 14h,14,12,123,东南风,2,0.0,35,71.0,2022-12-15 17h:15m
江苏_苏州_苏州,101190401,2022-12-15 15h,15,12,113,东南风,2,0.0,37,71.0,2022-12-15 17h:15m
江苏_苏州_苏州,101190401,2022-12-15 16h,16,11,142,东南风,2,0.0,43,,2022-12-15 17h:15m
江苏_苏州_苏州,101190401,2022-12-15 17h,17,9,123,东南风,1,0.0,51,66.0,2022-12-15 22h:14m
江苏_苏州_苏州,101190401,2022-12-15 18h,18,9,116,东南风,1,0.0,50,64.0,2022-12-15 22h:14m
江苏_苏州_苏州,101190401,2022-12-15 19h,19,9,108,东风,2,0.0,52,61.0,2022-12-15 22h:14m
江苏_苏州_苏州,101190401,2022-12-15 20h,20,8,91,东风,2,0.0,55,55.0,2022-12-15 22h:14m
江苏_苏州_苏州,101190401,2022-12-15 21h,21,7,75,东风,2,0.0,59,,2022-12-15 22h:14m
江苏_苏州_苏州,101190401,2022-12-15 22h,22,7,71,东风,2,0.0,58,53.0,2022-12-16 10h:32m
江苏_苏州_苏州,101190401,2022-12-15 23h,23,8,67,东北风,2,0.0,57,54.0,2022-12-16 10h:32m
江苏_苏州_苏州,101190401,2022-12-16 00h,0,8,67,东北风,2,0.0,56,55.0,2022-12-16 10h:32m
江苏_苏州_苏州,101190401,2022-12-16 01h,1,8,76,东风,2,0.0,61,54.0,2022-12-16 10h:32m
江苏_苏州_苏州,101190401,2022-12-16 02h,2,8,21,北风,2,0.0,68,52.0,2022-12-16 10h:32m
江苏_苏州_苏州,101190401,2022-12-16 03h,3,8,37,东北风,2,0.0,70,51.0,2022-12-16 10h:32m
江苏_苏州_苏州,101190401,2022-12-16 04h,4,8,31,东北风,2,0.0,70,53.0,2022-12-16 10h:32m
江苏_苏州_苏州,101190401,2022-12-16 05h,5,7,32,东北风,2,0.0,68,55.0,2022-12-16 10h:32m
江苏_苏州_苏州,101190401,2022-12-16 06h,6,8,34,东北风,3,0.0,63,54.0,2022-12-16 10h:32m
江苏_苏州_苏州,101190401,2022-12-16 07h,7,8,48,东北风,2,0.0,70,63.0,2022-12-16 10h:32m
江苏_苏州_苏州,101190401,2022-12-16 08h,8,8,62,东北风,2,0.0,71,71.0,2022-12-16 10h:32m
江苏_苏州_苏州,101190401,2022-12-16 09h,9,8,28,东北风,2,0.0,73,,2022-12-16 10h:32m
江苏_苏州_苏州,101190401,2022-12-16 10h,10,9,34,东北风,3,0.0,77,67.0,2022-12-16 17h:13m
江苏_苏州_苏州,101190401,2022-12-16 11h,11,9,29,东北风,3,0.0,75,66.0,2022-12-16 17h:13m
江苏_苏州_苏州,101190401,2022-12-16 12h,12,9,19,北风,2,0.0,79,65.0,2022-12-16 17h:13m
江苏_苏州_苏州,101190401,2022-12-16 13h,13,9,25,东北风,3,0.0,79,59.0,2022-12-16 17h:13m
江苏_苏州_苏州,101190401,2022-12-16 14h,14,9,16,北风,3,0.0,73,52.0,2022-12-16 17h:13m
江苏_苏州_苏州,101190401,2022-12-16 15h,15,8,27,东北风,3,0.0,75,46.0,2022-12-16 17h:13m
江苏_苏州_苏州,101190401,2022-12-16 16h,16,7,31,东北风,3,0.0,78,,2022-12-16 17h:13m
江苏_苏州_苏州,101190401,2022-12-16 17h,17,6,23,东北风,3,0.0,84,37.0,2022-12-16 22h:12m
江苏_苏州_苏州,101190401,2022-12-16 18h,18,5,30,东北风,2,0.5,88,32.0,2022-12-16 22h:12m
江苏_苏州_苏州,101190401,2022-12-16 19h,19,5,17,北风,3,0.5,89,25.0,2022-12-16 22h:12m
江苏_苏州_苏州,101190401,2022-12-16 20h,20,4,355,北风,3,0.9,90,19.0,2022-12-16 22h:12m
江苏_苏州_苏州,101190401,2022-12-16 21h,21,3,351,北风,2,0.1,91,,2022-12-16 22h:12m
江苏_苏州_苏州,101190401,2022-12-16 22h,22,3,355,北风,2,0.3,91,26.0,2022-12-17 10h:30m
江苏_苏州_苏州,101190401,2022-12-16 23h,23,3,346,北风,2,0.1,90,28.0,2022-12-17 10h:30m
江苏_苏州_苏州,101190401,2022-12-17 00h,0,3,332,西北风,2,0.0,88,28.0,2022-12-17 10h:30m
江苏_苏州_苏州,101190401,2022-12-17 01h,1,3,326,西北风,2,0.0,84,24.0,2022-12-17 10h:30m
江苏_苏州_苏州,101190401,2022-12-17 02h,2,3,309,西北风,3,0.0,82,26.0,2022-12-17 10h:30m
江苏_苏州_苏州,101190401,2022-12-17 03h,3,2,322,西北风,2,0.0,77,31.0,2022-12-17 10h:30m
江苏_苏州_苏州,101190401,2022-12-17 04h,4,2,310,西北风,3,0.0,72,30.0,2022-12-17 10h:30m
江苏_苏州_苏州,101190401,2022-12-17 05h,5,2,308,西北风,3,0.0,68,25.0,2022-12-17 10h:30m
江苏_苏州_苏州,101190401,2022-12-17 06h,6,1,310,西北风,3,0.0,69,28.0,2022-12-17 10h:30m
江苏_苏州_苏州,101190401,2022-12-17 07h,7,1,309,西北风,4,0.0,69,36.0,2022-12-17 10h:30m
江苏_苏州_苏州,101190401,2022-12-17 08h,8,1,307,西北风,4,0.0,62,41.0,2022-12-17 10h:30m
江苏_苏州_苏州,101190401,2022-12-17 09h,9,1,304,西北风,3,0.0,54,,2022-12-17 10h:30m
江苏_苏州_苏州,101190401,2022-12-17 10h,10,2,305,西北风,4,0.0,47,48.0,2022-12-17 17h:12m
江苏_苏州_苏州,101190401,2022-12-17 11h,11,2,305,西北风,4,0.0,44,52.0,2022-12-17 17h:12m
江苏_苏州_苏州,101190401,2022-12-17 12h,12,3,300,西北风,3,0.0,46,57.0,2022-12-17 17h:12m
江苏_苏州_苏州,101190401,2022-12-17 13h,13,3,292,西风,4,0.0,44,64.0,2022-12-17 17h:12m
江苏_苏州_苏州,101190401,2022-12-17 14h,14,3,309,西北风,5,0.0,30,63.0,2022-12-17 17h:12m
江苏_苏州_苏州,101190401,2022-12-17 15h,15,3,296,西北风,5,0.0,29,58.0,2022-12-17 17h:12m
江苏_苏州_苏州,101190401,2022-12-17 16h,16,2,299,西北风,4,0.0,31,,2022-12-17 17h:12m
江苏_苏州_苏州,101190401,2022-12-17 17h,17,1,291,西风,4,0.0,34,59.0,2022-12-17 22h:11m
江苏_苏州_苏州,101190401,2022-12-17 18h,18,1,299,西北风,4,0.0,33,59.0,2022-12-17 22h:11m
江苏_苏州_苏州,101190401,2022-12-17 19h,19,0,304,西北风,3,0.0,36,58.0,2022-12-17 22h:11m
江苏_苏州_苏州,101190401,2022-12-17 20h,20,0,306,西北风,4,0.0,34,60.0,2022-12-17 22h:11m
江苏_苏州_苏州,101190401,2022-12-17 21h,21,0,308,西北风,4,0.0,35,,2022-12-17 22h:11m
江苏_苏州_苏州,101190401,2022-12-17 22h,22,-1,304,西北风,3,0.0,37,59.0,2022-12-18 10h:33m
江苏_苏州_苏州,101190401,2022-12-17 23h,23,-1,308,西北风,4,0.0,34,60.0,2022-12-18 10h:33m
江苏_苏州_苏州,101190401,2022-12-18 00h,0,-1,309,西北风,3,0.0,34,59.0,2022-12-18 10h:33m
江苏_苏州_苏州,101190401,2022-12-18 01h,1,-1,306,西北风,3,0.0,33,59.0,2022-12-18 10h:33m
江苏_苏州_苏州,101190401,2022-12-18 02h,2,-1,304,西北风,3,0.0,33,61.0,2022-12-18 10h:33m
江苏_苏州_苏州,101190401,2022-12-18 03h,3,-2,285,西风,3,0.0,43,61.0,2022-12-18 10h:33m
江苏_苏州_苏州,101190401,2022-12-18 04h,4,-2,286,西风,2,0.0,41,59.0,2022-12-18 10h:33m
江苏_苏州_苏州,101190401,2022-12-18 05h,5,-2,270,西风,2,0.0,51,56.0,2022-12-18 10h:33m
江苏_苏州_苏州,101190401,2022-12-18 06h,6,-2,258,西风,2,0.0,52,54.0,2022-12-18 10h:33m
江苏_苏州_苏州,101190401,2022-12-18 07h,7,-3,253,西风,2,0.0,51,54.0,2022-12-18 10h:33m
江苏_苏州_苏州,101190401,2022-12-18 08h,8,0,269,西风,3,0.0,45,53.0,2022-12-18 10h:33m
江苏_苏州_苏州,101190401,2022-12-18 09h,9,1,280,西风,4,0.0,39,,2022-12-18 10h:33m
江苏_苏州_苏州,101190401,2022-12-18 10h,10,2,279,西风,4,0.0,30,52.0,2022-12-18 17h:12m
江苏_苏州_苏州,101190401,2022-12-18 11h,11,2,280,西风,4,0.0,26,49.0,2022-12-18 17h:12m
江苏_苏州_苏州,101190401,2022-12-18 12h,12,3,280,西风,4,0.0,27,45.0,2022-12-18 17h:12m
江苏_苏州_苏州,101190401,2022-12-18 13h,13,4,273,西风,4,0.0,28,45.0,2022-12-18 17h:12m
江苏_苏州_苏州,101190401,2022-12-18 14h,14,4,276,西风,4,0.0,26,46.0,2022-12-18 17h:12m
江苏_苏州_苏州,101190401,2022-12-18 15h,15,4,271,西风,3,0.0,23,48.0,2022-12-18 17h:12m
江苏_苏州_苏州,101190401,2022-12-18 16h,16,4,277,西风,3,0.0,27,,2022-12-18 17h:12m
江苏_苏州_苏州,101190401,2022-12-18 17h,17,3,283,西风,2,0.0,29,49.0,2022-12-18 22h:11m
江苏_苏州_苏州,101190401,2022-12-18 18h,18,1,260,西风,1,0.0,37,52.0,2022-12-18 22h:11m
江苏_苏州_苏州,101190401,2022-12-18 19h,19,0,159,南风,1,0.0,48,56.0,2022-12-18 22h:11m
江苏_苏州_苏州,101190401,2022-12-18 20h,20,0,170,南风,1,0.0,53,57.0,2022-12-18 22h:11m
江苏_苏州_苏州,101190401,2022-12-18 21h,21,0,270,西风,0,0.0,57,,2022-12-18 22h:11m
江苏_苏州_苏州,101190401,2022-12-18 22h,22,0,196,南风,1,0.0,64,59.0,2022-12-19 10h:32m
江苏_苏州_苏州,101190401,2022-12-18 23h,23,0,199,南风,1,0.0,71,62.0,2022-12-19 10h:32m
江苏_苏州_苏州,101190401,2022-12-19 00h,0,0,171,南风,1,0.0,75,62.0,2022-12-19 10h:32m
江苏_苏州_苏州,101190401,2022-12-19 01h,1,-1,161,南风,1,0.0,70,61.0,2022-12-19 10h:32m
江苏_苏州_苏州,101190401,2022-12-19 02h,2,-1,192,南风,1,0.0,75,60.0,2022-12-19 10h:32m
江苏_苏州_苏州,101190401,2022-12-19 03h,3,-1,270,西风,0,0.0,80,60.0,2022-12-19 10h:32m
江苏_苏州_苏州,101190401,2022-12-19 04h,4,-1,248,西风,1,0.0,83,59.0,2022-12-19 10h:32m
江苏_苏州_苏州,101190401,2022-12-19 05h,5,-1,177,南风,1,0.0,77,60.0,2022-12-19 10h:32m
江苏_苏州_苏州,101190401,2022-12-19 06h,6,-1,173,南风,1,0.0,71,60.0,2022-12-19 10h:32m
江苏_苏州_苏州,101190401,2022-12-19 07h,7,-1,96,东风,1,0.0,69,63.0,2022-12-19 10h:32m
江苏_苏州_苏州,101190401,2022-12-19 08h,8,1,188,南风,1,0.0,56,67.0,2022-12-19 10h:32m
江苏_苏州_苏州,101190401,2022-12-19 09h,9,4,199,南风,2,0.0,48,,2022-12-19 10h:32m
江苏_苏州_苏州,101190401,2022-12-19 10h,10,5,193,南风,2,0.0,39,67.0,2022-12-19 17h:14m
江苏_苏州_苏州,101190401,2022-12-19 11h,11,7,204,西南风,2,0.0,34,63.0,2022-12-19 17h:14m
江苏_苏州_苏州,101190401,2022-12-19 12h,12,8,205,西南风,2,0.0,24,56.0,2022-12-19 17h:14m
江苏_苏州_苏州,101190401,2022-12-19 13h,13,9,196,南风,2,0.0,20,52.0,2022-12-19 17h:14m
江苏_苏州_苏州,101190401,2022-12-19 14h,14,10,197,南风,1,0.0,21,51.0,2022-12-19 17h:14m
江苏_苏州_苏州,101190401,2022-12-19 15h,15,10,197,南风,1,0.0,21,49.0,2022-12-19 17h:14m
江苏_苏州_苏州,101190401,2022-12-19 16h,16,9,152,东南风,2,0.0,24,,2022-12-19 17h:14m
江苏_苏州_苏州,101190401,2022-12-19 17h,17,7,136,东南风,1,0.0,30,,2022-12-19 22h:13m
江苏_苏州_苏州,101190401,2022-12-19 18h,18,5,94,东风,2,0.0,42,58.0,2022-12-19 22h:13m
江苏_苏州_苏州,101190401,2022-12-19 19h,19,4,78,东风,2,0.0,46,60.0,2022-12-19 22h:13m
江苏_苏州_苏州,101190401,2022-12-19 20h,20,3,107,东风,2,0.0,53,63.0,2022-12-19 22h:13m
江苏_苏州_苏州,101190401,2022-12-19 21h,21,3,84,东风,2,0.0,49,,2022-12-19 22h:13m
江苏_苏州_苏州,101190401,2022-12-19 22h,22,1,81,东风,2,0.0,58,61.0,2022-12-20 10h:36m
江苏_苏州_苏州,101190401,2022-12-19 23h,23,2,87,东风,1,0.0,58,57.0,2022-12-20 10h:36m
江苏_苏州_苏州,101190401,2022-12-20 00h,0,1,81,东风,1,0.0,58,53.0,2022-12-20 10h:36m
江苏_苏州_苏州,101190401,2022-12-20 01h,1,1,80,东风,2,0.0,64,51.0,2022-12-20 10h:36m
江苏_苏州_苏州,101190401,2022-12-20 02h,2,1,83,东风,2,0.0,64,52.0,2022-12-20 10h:36m
江苏_苏州_苏州,101190401,2022-12-20 03h,3,1,76,东风,2,0.0,71,53.0,2022-12-20 10h:36m
江苏_苏州_苏州,101190401,2022-12-20 04h,4,1,81,东风,2,0.0,79,54.0,2022-12-20 10h:36m
江苏_苏州_苏州,101190401,2022-12-20 05h,5,1,66,东北风,2,0.0,78,55.0,2022-12-20 10h:36m
江苏_苏州_苏州,101190401,2022-12-20 06h,6,1,59,东北风,1,0.0,82,55.0,2022-12-20 10h:36m
江苏_苏州_苏州,101190401,2022-12-20 07h,7,1,67,东北风,2,0.0,86,56.0,2022-12-20 10h:36m
江苏_苏州_苏州,101190401,2022-12-20 08h,8,3,102,东风,2,0.0,76,58.0,2022-12-20 10h:36m
江苏_苏州_苏州,101190401,2022-12-20 09h,9,6,100,东风,2,0.0,61,,2022-12-20 10h:36m
江苏_苏州_苏州,101190401,2022-12-20 10h,10,9,145,东南风,2,0.0,45,53.0,2022-12-20 17h:14m
江苏_苏州_苏州,101190401,2022-12-20 11h,11,10,134,东南风,3,0.0,43,52.0,2022-12-20 17h:14m
江苏_苏州_苏州,101190401,2022-12-20 12h,12,11,154,东南风,3,0.0,40,53.0,2022-12-20 17h:14m
江苏_苏州_苏州,101190401,2022-12-20 13h,13,12,150,东南风,3,0.0,38,53.0,2022-12-20 17h:14m
江苏_苏州_苏州,101190401,2022-12-20 14h,14,12,132,东南风,4,0.0,39,46.0,2022-12-20 17h:14m
江苏_苏州_苏州,101190401,2022-12-20 15h,15,12,142,东南风,3,0.0,40,42.0,2022-12-20 17h:14m
江苏_苏州_苏州,101190401,2022-12-20 16h,16,11,139,东南风,2,0.0,41,,2022-12-20 17h:14m
江苏_苏州_苏州,101190401,2022-12-20 17h,17,10,121,东南风,2,0.0,45,50.0,2022-12-20 22h:14m
江苏_苏州_苏州,101190401,2022-12-20 18h,18,10,134,东南风,1,0.0,46,54.0,2022-12-20 22h:14m
江苏_苏州_苏州,101190401,2022-12-20 19h,19,9,137,东南风,1,0.0,51,57.0,2022-12-20 22h:14m
江苏_苏州_苏州,101190401,2022-12-20 20h,20,8,91,东风,1,0.0,57,59.0,2022-12-20 22h:14m
江苏_苏州_苏州,101190401,2022-12-20 21h,21,8,225,西南风,1,0.0,64,,2022-12-20 22h:14m
江苏_苏州_苏州,101190401,2022-12-20 22h,22,8,217,西南风,1,0.0,65,63.0,2022-12-21 10h:33m
江苏_苏州_苏州,101190401,2022-12-20 23h,23,7,230,西南风,1,0.0,68,64.0,2022-12-21 10h:33m
江苏_苏州_苏州,101190401,2022-12-21 00h,0,8,255,西风,2,0.0,55,66.0,2022-12-21 10h:33m
江苏_苏州_苏州,101190401,2022-12-21 01h,1,8,277,西风,2,0.0,53,77.0,2022-12-21 10h:33m
江苏_苏州_苏州,101190401,2022-12-21 02h,2,8,273,西风,3,0.0,58,82.0,2022-12-21 10h:33m
江苏_苏州_苏州,101190401,2022-12-21 03h,3,7,265,西风,3,0.0,56,69.0,2022-12-21 10h:33m
江苏_苏州_苏州,101190401,2022-12-21 04h,4,6,267,西风,3,0.0,59,78.0,2022-12-21 10h:33m
江苏_苏州_苏州,101190401,2022-12-21 05h,5,5,266,西风,3,0.0,67,87.0,2022-12-21 10h:33m
江苏_苏州_苏州,101190401,2022-12-21 06h,6,5,265,西风,3,0.0,70,82.0,2022-12-21 10h:33m
江苏_苏州_苏州,101190401,2022-12-21 07h,7,4,270,西风,3,0.0,69,77.0,2022-12-21 10h:33m
江苏_苏州_苏州,101190401,2022-12-21 08h,8,5,273,西风,3,0.0,61,78.0,2022-12-21 10h:33m
江苏_苏州_苏州,101190401,2022-12-21 09h,9,7,273,西风,3,0.0,54,,2022-12-21 10h:33m
江苏_苏州_苏州,101190401,2022-12-21 10h,10,8,272,西风,4,0.0,47,92.0,2022-12-21 17h:14m
江苏_苏州_苏州,101190401,2022-12-21 11h,11,9,281,西风,4,0.0,43,90.0,2022-12-21 17h:14m
江苏_苏州_苏州,101190401,2022-12-21 12h,12,9,284,西风,4,0.0,36,85.0,2022-12-21 17h:14m
江苏_苏州_苏州,101190401,2022-12-21 13h,13,10,279,西风,4,0.0,31,82.0,2022-12-21 17h:14m
江苏_苏州_苏州,101190401,2022-12-21 14h,14,11,282,西风,4,0.0,30,79.0,2022-12-21 17h:14m
江苏_苏州_苏州,101190401,2022-12-21 15h,15,11,288,西风,4,0.0,29,77.0,2022-12-21 17h:14m
江苏_苏州_苏州,101190401,2022-12-21 16h,16,10,282,西风,3,0.0,26,,2022-12-21 17h:14m
江苏_苏州_苏州,101190401,2022-12-21 17h,17,9,287,西风,3,0.0,28,76.0,2022-12-21 22h:13m
江苏_苏州_苏州,101190401,2022-12-21 18h,18,8,284,西风,2,0.0,33,80.0,2022-12-21 22h:13m
江苏_苏州_苏州,101190401,2022-12-21 19h,19,6,252,西风,1,0.0,41,83.0,2022-12-21 22h:13m
江苏_苏州_苏州,101190401,2022-12-21 20h,20,5,209,西南风,1,0.0,43,84.0,2022-12-21 22h:13m
江苏_苏州_苏州,101190401,2022-12-21 21h,21,4,90,东风,0,0.0,46,,2022-12-21 22h:13m
江苏_苏州_苏州,101190401,2022-12-21 22h,22,3,90,东风,1,0.0,55,86.0,2022-12-22 17h:13m
江苏_苏州_苏州,101190401,2022-12-21 23h,23,3,161,南风,1,0.0,73,87.0,2022-12-22 17h:13m
江苏_苏州_苏州,101190401,2022-12-22 00h,0,3,45,东北风,0,0.0,69,87.0,2022-12-22 17h:13m
江苏_苏州_苏州,101190401,2022-12-22 01h,1,3,290,西风,1,0.0,74,84.0,2022-12-22 17h:13m
江苏_苏州_苏州,101190401,2022-12-22 02h,2,2,223,西南风,1,0.0,76,86.0,2022-12-22 17h:13m
江苏_苏州_苏州,101190401,2022-12-22 03h,3,3,273,西风,1,0.0,75,88.0,2022-12-22 17h:13m
江苏_苏州_苏州,101190401,2022-12-22 04h,4,3,278,西风,2,0.0,71,89.0,2022-12-22 17h:13m
江苏_苏州_苏州,101190401,2022-12-22 05h,5,5,279,西风,3,0.0,62,96.0,2022-12-22 17h:13m
江苏_苏州_苏州,101190401,2022-12-22 06h,6,5,313,西北风,3,0.0,47,97.0,2022-12-22 17h:13m
江苏_苏州_苏州,101190401,2022-12-22 07h,7,4,331,西北风,3,0.0,51,104.0,2022-12-22 17h:13m
江苏_苏州_苏州,101190401,2022-12-22 08h,8,3,331,西北风,3,0.0,57,107.0,2022-12-22 17h:13m
江苏_苏州_苏州,101190401,2022-12-22 09h,9,3,308,西北风,4,0.0,66,109.0,2022-12-22 17h:13m
江苏_苏州_苏州,101190401,2022-12-22 10h,10,4,306,西北风,4,0.0,39,93.0,2022-12-22 17h:13m
江苏_苏州_苏州,101190401,2022-12-22 11h,11,4,308,西北风,4,0.0,26,69.0,2022-12-22 17h:13m
江苏_苏州_苏州,101190401,2022-12-22 12h,12,4,325,西北风,3,0.0,27,61.0,2022-12-22 17h:13m
江苏_苏州_苏州,101190401,2022-12-22 13h,13,4,310,西北风,4,0.0,26,60.0,2022-12-22 17h:13m
江苏_苏州_苏州,101190401,2022-12-22 14h,14,5,309,西北风,4,0.0,27,60.0,2022-12-22 17h:13m
江苏_苏州_苏州,101190401,2022-12-22 15h,15,5,298,西北风,4,0.0,26,61.0,2022-12-22 17h:13m
江苏_苏州_苏州,101190401,2022-12-22 16h,16,4,305,西北风,4,0.0,28,,2022-12-22 17h:13m
江苏_苏州_苏州,101190401,2022-12-22 17h,17,3,308,西北风,4,0.0,22,55.0,2022-12-22 22h:13m
江苏_苏州_苏州,101190401,2022-12-22 18h,18,3,309,西北风,3,0.0,24,52.0,2022-12-22 22h:13m
江苏_苏州_苏州,101190401,2022-12-22 19h,19,2,311,西北风,4,0.0,24,53.0,2022-12-22 22h:13m
江苏_苏州_苏州,101190401,2022-12-22 20h,20,2,311,西北风,3,0.0,25,52.0,2022-12-22 22h:13m
江苏_苏州_苏州,101190401,2022-12-22 21h,21,1,312,西北风,4,0.0,24,,2022-12-22 22h:13m
江苏_苏州_苏州,101190401,2022-12-22 22h,22,0,311,西北风,2,0.0,28,44.0,2022-12-23 10h:35m
江苏_苏州_苏州,101190401,2022-12-22 23h,23,0,300,西北风,2,0.0,33,39.0,2022-12-23 10h:35m
江苏_苏州_苏州,101190401,2022-12-23 00h,0,0,289,西风,2,0.0,37,39.0,2022-12-23 10h:35m
江苏_苏州_苏州,101190401,2022-12-23 01h,1,0,306,西北风,2,0.0,34,38.0,2022-12-23 10h:35m
江苏_苏州_苏州,101190401,2022-12-23 02h,2,0,295,西北风,2,0.0,39,39.0,2022-12-23 10h:35m
江苏_苏州_苏州,101190401,2022-12-23 03h,3,-1,289,西风,2,0.0,41,40.0,2022-12-23 10h:35m
江苏_苏州_苏州,101190401,2022-12-23 04h,4,-1,286,西风,2,0.0,41,39.0,2022-12-23 10h:35m
江苏_苏州_苏州,101190401,2022-12-23 05h,5,-1,298,西北风,2,0.0,35,36.0,2022-12-23 10h:35m
江苏_苏州_苏州,101190401,2022-12-23 06h,6,-1,312,西北风,2,0.0,31,34.0,2022-12-23 10h:35m
江苏_苏州_苏州,101190401,2022-12-23 07h,7,-1,307,西北风,2,0.0,34,33.0,2022-12-23 10h:35m
江苏_苏州_苏州,101190401,2022-12-23 08h,8,0,299,西北风,2,0.0,33,37.0,2022-12-23 10h:35m
江苏_苏州_苏州,101190401,2022-12-23 09h,9,0,313,西北风,2,0.0,21,34.0,2022-12-23 10h:35m
江苏_苏州_苏州,101190401,2022-12-23 10h,10,1,315,西北风,3,0.0,19,,2022-12-23 10h:35m
江苏_苏州_苏州,101190401,2022-12-23 11h,11,3,293,西北风,3,0.0,20,28.0,2022-12-23 17h:13m
江苏_苏州_苏州,101190401,2022-12-23 12h,12,4,273,西风,2,0.0,27,30.0,2022-12-23 17h:13m
江苏_苏州_苏州,101190401,2022-12-23 13h,13,4,278,西风,3,0.0,28,34.0,2022-12-23 17h:13m
江苏_苏州_苏州,101190401,2022-12-23 14h,14,5,296,西北风,2,0.0,22,36.0,2022-12-23 17h:13m
江苏_苏州_苏州,101190401,2022-12-23 15h,15,5,310,西北风,2,0.0,17,34.0,2022-12-23 17h:13m
江苏_苏州_苏州,101190401,2022-12-23 16h,16,5,291,西风,2,0.0,26,,2022-12-23 17h:13m
江苏_苏州_苏州,101190401,2022-12-23 17h,17,3,269,西风,2,0.0,30,38.0,2022-12-23 22h:12m
江苏_苏州_苏州,101190401,2022-12-23 18h,18,2,306,西北风,2,0.0,27,42.0,2022-12-23 22h:12m
江苏_苏州_苏州,101190401,2022-12-23 19h,19,2,266,西风,1,0.0,36,46.0,2022-12-23 22h:12m
江苏_苏州_苏州,101190401,2022-12-23 20h,20,1,249,西风,1,0.0,51,51.0,2022-12-23 22h:12m
江苏_苏州_苏州,101190401,2022-12-23 21h,21,0,323,西北风,1,0.0,46,,2022-12-23 22h:12m
江苏_苏州_苏州,101190401,2022-12-23 22h,22,0,293,西北风,1,0.0,64,52.0,2022-12-24 10h:29m
江苏_苏州_苏州,101190401,2022-12-23 23h,23,1,35,东北风,2,0.0,36,53.0,2022-12-24 10h:29m
江苏_苏州_苏州,101190401,2022-12-24 00h,0,1,8,北风,1,0.0,40,54.0,2022-12-24 10h:29m
江苏_苏州_苏州,101190401,2022-12-24 01h,1,0,298,西北风,1,0.0,63,54.0,2022-12-24 10h:29m
江苏_苏州_苏州,101190401,2022-12-24 02h,2,-1,261,西风,1,0.0,61,55.0,2022-12-24 10h:29m
江苏_苏州_苏州,101190401,2022-12-24 03h,3,-1,250,西风,1,0.0,60,56.0,2022-12-24 10h:29m
江苏_苏州_苏州,101190401,2022-12-24 04h,4,-1,276,西风,1,0.0,61,56.0,2022-12-24 10h:29m
江苏_苏州_苏州,101190401,2022-12-24 05h,5,-1,286,西风,1,0.0,63,55.0,2022-12-24 10h:29m
江苏_苏州_苏州,101190401,2022-12-24 06h,6,0,306,西北风,1,0.0,47,56.0,2022-12-24 10h:29m
江苏_苏州_苏州,101190401,2022-12-24 07h,7,0,326,西北风,2,0.0,38,58.0,2022-12-24 10h:29m
江苏_苏州_苏州,101190401,2022-12-24 08h,8,0,327,西北风,2,0.0,41,63.0,2022-12-24 10h:29m
江苏_苏州_苏州,101190401,2022-12-24 09h,9,1,302,西北风,2,0.0,39,,2022-12-24 10h:29m
江苏_苏州_苏州,101190401,2022-12-24 10h,10,2,330,西北风,3,0.0,35,61.0,2022-12-24 17h:12m
江苏_苏州_苏州,101190401,2022-12-24 11h,11,3,313,西北风,3,0.0,26,60.0,2022-12-24 17h:12m
江苏_苏州_苏州,101190401,2022-12-24 12h,12,3,337,西北风,3,0.0,20,51.0,2022-12-24 17h:12m
江苏_苏州_苏州,101190401,2022-12-24 13h,13,4,324,西北风,3,0.0,23,47.0,2022-12-24 17h:12m
江苏_苏州_苏州,101190401,2022-12-24 14h,14,5,320,西北风,3,0.0,24,47.0,2022-12-24 17h:12m
江苏_苏州_苏州,101190401,2022-12-24 15h,15,4,317,西北风,3,0.0,28,49.0,2022-12-24 17h:12m
江苏_苏州_苏州,101190401,2022-12-24 16h,16,4,307,西北风,3,0.0,27,,2022-12-24 17h:12m
江苏_苏州_苏州,101190401,2022-12-24 17h,17,3,311,西北风,2,0.0,30,46.0,2022-12-24 22h:11m
江苏_苏州_苏州,101190401,2022-12-24 18h,18,2,335,西北风,2,0.0,33,46.0,2022-12-24 22h:11m
江苏_苏州_苏州,101190401,2022-12-24 19h,19,2,332,西北风,2,0.0,36,48.0,2022-12-24 22h:11m
江苏_苏州_苏州,101190401,2022-12-24 20h,20,1,334,西北风,2,0.0,36,51.0,2022-12-24 22h:11m
江苏_苏州_苏州,101190401,2022-12-24 21h,21,1,1,北风,1,0.0,39,,2022-12-24 22h:11m
江苏_苏州_苏州,101190401,2022-12-24 22h,22,0,1,北风,2,0.0,42,52.0,2022-12-25 10h:37m
江苏_苏州_苏州,101190401,2022-12-24 23h,23,0,347,北风,1,0.0,42,53.0,2022-12-25 10h:37m
江苏_苏州_苏州,101190401,2022-12-25 00h,0,0,278,西风,1,0.0,50,,2022-12-25 10h:37m
江苏_苏州_苏州,101190401,2022-12-25 01h,1,0,300,西北风,1,0.0,51,,2022-12-25 10h:37m
江苏_苏州_苏州,101190401,2022-12-25 02h,2,0,327,西北风,1,0.0,45,55.0,2022-12-25 10h:37m
江苏_苏州_苏州,101190401,2022-12-25 03h,3,0,287,西风,2,0.0,55,58.0,2022-12-25 10h:37m
江苏_苏州_苏州,101190401,2022-12-25 04h,4,0,292,西风,2,0.0,54,60.0,2022-12-25 10h:37m
江苏_苏州_苏州,101190401,2022-12-25 05h,5,0,290,西风,2,0.0,57,59.0,2022-12-25 10h:37m
江苏_苏州_苏州,101190401,2022-12-25 06h,6,0,305,西北风,1,0.0,50,58.0,2022-12-25 10h:37m
江苏_苏州_苏州,101190401,2022-12-25 07h,7,0,326,西北风,2,0.0,44,58.0,2022-12-25 10h:37m
江苏_苏州_苏州,101190401,2022-12-25 08h,8,0,325,西北风,2,0.0,43,60.0,2022-12-25 10h:37m
江苏_苏州_苏州,101190401,2022-12-25 09h,9,2,297,西北风,2,0.0,44,65.0,2022-12-25 10h:37m
江苏_苏州_苏州,101190401,2022-12-25 10h,10,3,5,北风,2,0.0,45,,2022-12-25 10h:37m
江苏_苏州_苏州,101190401,2022-12-25 11h,11,5,32,东北风,2,0.0,48,,2022-12-25 17h:13m
江苏_苏州_苏州,101190401,2022-12-25 12h,12,5,329,西北风,2,0.0,46,48.0,2022-12-25 17h:13m
江苏_苏州_苏州,101190401,2022-12-25 13h,13,6,27,东北风,2,0.0,45,49.0,2022-12-25 17h:13m
江苏_苏州_苏州,101190401,2022-12-25 14h,14,6,34,东北风,2,0.0,46,52.0,2022-12-25 17h:13m
江苏_苏州_苏州,101190401,2022-12-25 15h,15,6,29,东北风,2,0.0,45,54.0,2022-12-25 17h:13m
江苏_苏州_苏州,101190401,2022-12-25 16h,16,6,18,北风,2,0.0,47,,2022-12-25 17h:13m
江苏_苏州_苏州,101190401,2022-12-25 17h,17,5,63,东北风,2,0.0,55,53.0,2022-12-25 22h:11m
江苏_苏州_苏州,101190401,2022-12-25 18h,18,3,284,西风,2,0.0,62,55.0,2022-12-25 22h:11m
江苏_苏州_苏州,101190401,2022-12-25 19h,19,2,301,西北风,1,0.0,64,64.0,2022-12-25 22h:11m
江苏_苏州_苏州,101190401,2022-12-25 20h,20,2,260,西风,1,0.0,70,74.0,2022-12-25 22h:11m
江苏_苏州_苏州,101190401,2022-12-25 21h,21,0,278,西风,1,0.0,82,,2022-12-25 22h:11m
江苏_苏州_苏州,101190401,2022-12-25 22h,22,0,240,西南风,1,0.0,88,79.0,2022-12-26 10h:36m
江苏_苏州_苏州,101190401,2022-12-25 23h,23,1,263,西风,1,0.0,78,82.0,2022-12-26 10h:36m
江苏_苏州_苏州,101190401,2022-12-26 00h,0,0,180,南风,0,0.0,81,82.0,2022-12-26 10h:36m
江苏_苏州_苏州,101190401,2022-12-26 01h,1,0,135,东南风,1,0.0,84,82.0,2022-12-26 10h:36m
江苏_苏州_苏州,101190401,2022-12-26 02h,2,0,135,东南风,0,0.0,91,85.0,2022-12-26 10h:36m
江苏_苏州_苏州,101190401,2022-12-26 03h,3,0,272,西风,1,0.0,93,87.0,2022-12-26 10h:36m
江苏_苏州_苏州,101190401,2022-12-26 04h,4,0,154,东南风,1,0.0,92,88.0,2022-12-26 10h:36m
江苏_苏州_苏州,101190401,2022-12-26 05h,5,0,152,东南风,1,0.0,92,88.0,2022-12-26 10h:36m
江苏_苏州_苏州,101190401,2022-12-26 06h,6,1,91,东风,1,0.0,90,88.0,2022-12-26 10h:36m
江苏_苏州_苏州,101190401,2022-12-26 07h,7,1,69,东风,1,0.0,88,87.0,2022-12-26 10h:36m
江苏_苏州_苏州,101190401,2022-12-26 08h,8,2,90,东风,1,0.0,83,82.0,2022-12-26 10h:36m
江苏_苏州_苏州,101190401,2022-12-26 09h,9,3,138,东南风,1,0.0,79,73.0,2022-12-26 10h:36m
江苏_苏州_苏州,101190401,2022-12-26 10h,10,4,264,西风,1,0.0,67,,2022-12-26 10h:36m
江苏_苏州_苏州,101190401,2022-12-26 11h,11,5,261,西风,1,0.0,62,69.0,2022-12-26 17h:13m
江苏_苏州_苏州,101190401,2022-12-26 12h,12,5,262,西风,1,0.0,54,72.0,2022-12-26 17h:13m
江苏_苏州_苏州,101190401,2022-12-26 13h,13,6,299,西北风,1,0.0,56,74.0,2022-12-26 17h:13m
江苏_苏州_苏州,101190401,2022-12-26 14h,14,6,266,西风,2,0.0,59,74.0,2022-12-26 17h:13m
江苏_苏州_苏州,101190401,2022-12-26 15h,15,5,268,西风,2,0.0,61,77.0,2022-12-26 17h:13m
江苏_苏州_苏州,101190401,2022-12-26 16h,16,5,272,西风,2,0.0,60,,2022-12-26 17h:13m
江苏_苏州_苏州,101190401,2022-12-26 17h,17,4,287,西风,2,0.0,61,82.0,2022-12-26 22h:12m
江苏_苏州_苏州,101190401,2022-12-26 18h,18,4,261,西风,1,0.0,68,88.0,2022-12-26 22h:12m
江苏_苏州_苏州,101190401,2022-12-26 19h,19,4,289,西风,1,0.0,72,94.0,2022-12-26 22h:12m
江苏_苏州_苏州,101190401,2022-12-26 20h,20,4,10,北风,1,0.0,56,98.0,2022-12-26 22h:12m
江苏_苏州_苏州,101190401,2022-12-26 21h,21,4,20,北风,2,0.0,51,,2022-12-26 22h:12m
江苏_苏州_苏州,101190401,2022-12-26 22h,22,4,349,北风,1,0.0,52,88.0,2022-12-27 10h:33m
江苏_苏州_苏州,101190401,2022-12-26 23h,23,4,15,北风,1,0.0,54,87.0,2022-12-27 10h:33m
江苏_苏州_苏州,101190401,2022-12-27 00h,0,4,90,东风,1,0.0,53,89.0,2022-12-27 10h:33m
江苏_苏州_苏州,101190401,2022-12-27 01h,1,4,335,西北风,1,0.0,58,93.0,2022-12-27 10h:33m
江苏_苏州_苏州,101190401,2022-12-27 02h,2,4,344,北风,1,0.0,55,98.0,2022-12-27 10h:33m
江苏_苏州_苏州,101190401,2022-12-27 03h,3,3,356,北风,2,0.0,56,104.0,2022-12-27 10h:33m
江苏_苏州_苏州,101190401,2022-12-27 04h,4,3,354,北风,1,0.0,59,109.0,2022-12-27 10h:33m
江苏_苏州_苏州,101190401,2022-12-27 05h,5,2,4,北风,1,0.0,63,115.0,2022-12-27 10h:33m
江苏_苏州_苏州,101190401,2022-12-27 06h,6,1,355,北风,1,0.0,75,119.0,2022-12-27 10h:33m
江苏_苏州_苏州,101190401,2022-12-27 07h,7,0,7,北风,2,0.0,76,127.0,2022-12-27 10h:33m
江苏_苏州_苏州,101190401,2022-12-27 08h,8,1,208,西南风,1,0.0,78,129.0,2022-12-27 10h:33m
江苏_苏州_苏州,101190401,2022-12-27 09h,9,3,11,北风,1,0.0,58,132.0,2022-12-27 10h:33m
江苏_苏州_苏州,101190401,2022-12-27 10h,10,5,5,北风,2,0.0,52,,2022-12-27 10h:33m
江苏_苏州_苏州,101190401,2022-12-27 11h,11,7,22,北风,2,0.0,48,122.0,2022-12-27 17h:13m
江苏_苏州_苏州,101190401,2022-12-27 12h,12,8,129,东南风,1,0.0,43,112.0,2022-12-27 17h:13m
江苏_苏州_苏州,101190401,2022-12-27 13h,13,8,101,东风,1,0.0,42,107.0,2022-12-27 17h:13m
江苏_苏州_苏州,101190401,2022-12-27 14h,14,8,21,北风,2,0.0,41,105.0,2022-12-27 17h:13m
江苏_苏州_苏州,101190401,2022-12-27 15h,15,8,24,东北风,1,0.0,40,104.0,2022-12-27 17h:13m
江苏_苏州_苏州,101190401,2022-12-27 16h,16,7,356,北风,2,0.0,41,,2022-12-27 17h:13m
江苏_苏州_苏州,101190401,2022-12-27 17h,17,6,294,西北风,1,0.0,53,99.0,2022-12-27 22h:12m
江苏_苏州_苏州,101190401,2022-12-27 18h,18,5,278,西风,2,0.0,59,103.0,2022-12-27 22h:12m
江苏_苏州_苏州,101190401,2022-12-27 19h,19,5,286,西风,2,0.0,57,109.0,2022-12-27 22h:12m
江苏_苏州_苏州,101190401,2022-12-27 20h,20,5,291,西风,1,0.0,55,117.0,2022-12-27 22h:12m
江苏_苏州_苏州,101190401,2022-12-27 21h,21,5,287,西风,2,0.0,56,,2022-12-27 22h:12m
江苏_苏州_苏州,101190401,2022-12-27 22h,22,5,328,西北风,1,0.0,59,120.0,2022-12-28 10h:34m
江苏_苏州_苏州,101190401,2022-12-27 23h,23,5,22,北风,1,0.0,60,124.0,2022-12-28 10h:34m
江苏_苏州_苏州,101190401,2022-12-28 00h,0,5,28,东北风,1,0.0,68,125.0,2022-12-28 10h:34m
江苏_苏州_苏州,101190401,2022-12-28 01h,1,5,18,北风,1,0.0,68,124.0,2022-12-28 10h:34m
江苏_苏州_苏州,101190401,2022-12-28 02h,2,5,350,北风,1,0.0,70,122.0,2022-12-28 10h:34m
江苏_苏州_苏州,101190401,2022-12-28 03h,3,5,4,北风,1,0.0,69,114.0,2022-12-28 10h:34m
江苏_苏州_苏州,101190401,2022-12-28 04h,4,5,347,北风,1,0.0,64,122.0,2022-12-28 10h:34m
江苏_苏州_苏州,101190401,2022-12-28 05h,5,4,348,北风,1,0.0,60,134.0,2022-12-28 10h:34m
江苏_苏州_苏州,101190401,2022-12-28 06h,6,4,352,北风,2,0.0,59,137.0,2022-12-28 10h:34m
江苏_苏州_苏州,101190401,2022-12-28 07h,7,4,327,西北风,1,0.0,59,140.0,2022-12-28 10h:34m
江苏_苏州_苏州,101190401,2022-12-28 08h,8,4,358,北风,2,0.0,56,140.0,2022-12-28 10h:34m
江苏_苏州_苏州,101190401,2022-12-28 09h,9,5,4,北风,2,0.0,55,147.0,2022-12-28 10h:34m
江苏_苏州_苏州,101190401,2022-12-28 10h,10,5,8,北风,2,0.0,55,,2022-12-28 10h:34m
江苏_苏州_苏州,101190401,2022-12-28 11h,11,6,27,东北风,2,0.0,55,163.0,2022-12-28 17h:13m
江苏_苏州_苏州,101190401,2022-12-28 12h,12,6,32,东北风,2,0.0,50,162.0,2022-12-28 17h:13m
江苏_苏州_苏州,101190401,2022-12-28 13h,13,6,18,北风,2,0.0,47,168.0,2022-12-28 17h:13m
江苏_苏州_苏州,101190401,2022-12-28 14h,14,7,312,西北风,1,0.0,48,169.0,2022-12-28 17h:13m
江苏_苏州_苏州,101190401,2022-12-28 15h,15,7,331,西北风,2,0.0,48,170.0,2022-12-28 17h:13m
江苏_苏州_苏州,101190401,2022-12-28 16h,16,7,296,西北风,1,0.0,51,,2022-12-28 17h:13m
江苏_苏州_苏州,101190401,2022-12-28 17h,17,6,270,西风,2,0.0,61,192.0,2022-12-28 22h:12m
江苏_苏州_苏州,101190401,2022-12-28 18h,18,5,260,西风,1,0.0,63,203.0,2022-12-28 22h:12m
江苏_苏州_苏州,101190401,2022-12-28 19h,19,5,281,西风,1,0.0,69,211.0,2022-12-28 22h:12m
江苏_苏州_苏州,101190401,2022-12-28 20h,20,5,337,西北风,1,0.0,63,213.0,2022-12-28 22h:12m
江苏_苏州_苏州,101190401,2022-12-28 21h,21,5,338,北风,1,0.0,64,,2022-12-28 22h:12m
江苏_苏州_苏州,101190401,2022-12-28 22h,22,5,24,东北风,2,0.0,70,140.0,2022-12-29 10h:35m
江苏_苏州_苏州,101190401,2022-12-28 23h,23,5,71,东风,2,0.0,71,102.0,2022-12-29 10h:35m
江苏_苏州_苏州,101190401,2022-12-29 00h,0,4,86,东风,2,0.0,71,89.0,2022-12-29 10h:35m
江苏_苏州_苏州,101190401,2022-12-29 01h,1,4,71,东风,2,0.0,72,94.0,2022-12-29 10h:35m
江苏_苏州_苏州,101190401,2022-12-29 02h,2,4,73,东风,2,0.0,70,102.0,2022-12-29 10h:35m
江苏_苏州_苏州,101190401,2022-12-29 03h,3,4,68,东风,2,0.0,71,107.0,2022-12-29 10h:35m
江苏_苏州_苏州,101190401,2022-12-29 04h,4,3,34,东北风,2,0.0,71,109.0,2022-12-29 10h:35m
江苏_苏州_苏州,101190401,2022-12-29 05h,5,3,20,北风,1,0.0,75,104.0,2022-12-29 10h:35m
江苏_苏州_苏州,101190401,2022-12-29 06h,6,3,4,北风,1,0.0,75,95.0,2022-12-29 10h:35m
江苏_苏州_苏州,101190401,2022-12-29 07h,7,3,22,北风,2,0.0,73,92.0,2022-12-29 10h:35m
江苏_苏州_苏州,101190401,2022-12-29 08h,8,3,19,北风,2,0.0,72,83.0,2022-12-29 10h:35m
江苏_苏州_苏州,101190401,2022-12-29 09h,9,3,54,东北风,1,0.0,69,74.0,2022-12-29 10h:35m
江苏_苏州_苏州,101190401,2022-12-29 10h,10,5,73,东风,2,0.0,55,,2022-12-29 10h:35m
江苏_苏州_苏州,101190401,2022-12-29 11h,11,5,35,东北风,2,0.0,49,70.0,2022-12-29 17h:13m
江苏_苏州_苏州,101190401,2022-12-29 12h,12,5,30,东北风,2,0.0,43,63.0,2022-12-29 17h:13m
江苏_苏州_苏州,101190401,2022-12-29 13h,13,5,5,北风,1,0.0,44,52.0,2022-12-29 17h:13m
江苏_苏州_苏州,101190401,2022-12-29 14h,14,6,17,北风,1,0.0,45,45.0,2022-12-29 17h:13m
江苏_苏州_苏州,101190401,2022-12-29 15h,15,6,180,南风,2,0.0,48,40.0,2022-12-29 17h:13m
江苏_苏州_苏州,101190401,2022-12-29 16h,16,5,351,北风,1,0.0,47,,2022-12-29 17h:13m
江苏_苏州_苏州,101190401,2022-12-29 17h,17,5,15,北风,1,0.0,49,30.0,2022-12-29 22h:12m
江苏_苏州_苏州,101190401,2022-12-29 18h,18,5,14,北风,1,0.0,50,28.0,2022-12-29 22h:12m
江苏_苏州_苏州,101190401,2022-12-29 19h,19,5,18,北风,1,0.0,53,31.0,2022-12-29 22h:12m
江苏_苏州_苏州,101190401,2022-12-29 20h,20,4,35,东北风,1,0.0,55,35.0,2022-12-29 22h:12m
江苏_苏州_苏州,101190401,2022-12-29 21h,21,4,68,东风,1,0.0,61,,2022-12-29 22h:12m
江苏_苏州_苏州,101190401,2022-12-29 22h,22,4,84,东风,1,0.0,63,39.0,2022-12-30 10h:36m
江苏_苏州_苏州,101190401,2022-12-29 23h,23,4,358,北风,1,0.0,60,40.0,2022-12-30 10h:36m
江苏_苏州_苏州,101190401,2022-12-30 00h,0,4,37,东北风,1,0.0,62,40.0,2022-12-30 10h:36m
江苏_苏州_苏州,101190401,2022-12-30 01h,1,4,65,东北风,2,0.0,70,39.0,2022-12-30 10h:36m
江苏_苏州_苏州,101190401,2022-12-30 02h,2,3,50,东北风,1,0.0,73,36.0,2022-12-30 10h:36m
江苏_苏州_苏州,101190401,2022-12-30 03h,3,3,19,北风,1,0.0,65,35.0,2022-12-30 10h:36m
江苏_苏州_苏州,101190401,2022-12-30 04h,4,3,57,东北风,1,0.0,70,32.0,2022-12-30 10h:36m
江苏_苏州_苏州,101190401,2022-12-30 05h,5,3,13,北风,1,0.0,68,31.0,2022-12-30 10h:36m
江苏_苏州_苏州,101190401,2022-12-30 06h,6,3,11,北风,2,0.0,63,32.0,2022-12-30 10h:36m
江苏_苏州_苏州,101190401,2022-12-30 07h,7,3,5,北风,1,0.0,60,35.0,2022-12-30 10h:36m
江苏_苏州_苏州,101190401,2022-12-30 08h,8,3,46,东北风,1,0.0,58,39.0,2022-12-30 10h:36m
江苏_苏州_苏州,101190401,2022-12-30 09h,9,4,81,东风,1,0.0,54,,2022-12-30 10h:36m
江苏_苏州_苏州,101190401,2022-12-30 10h,10,5,76,东风,2,0.0,41,36.0,2022-12-30 17h:13m
江苏_苏州_苏州,101190401,2022-12-30 11h,11,5,58,东北风,1,0.0,41,35.0,2022-12-30 17h:13m
江苏_苏州_苏州,101190401,2022-12-30 12h,12,5,345,北风,2,0.0,38,34.0,2022-12-30 17h:13m
江苏_苏州_苏州,101190401,2022-12-30 13h,13,6,5,北风,1,0.0,34,36.0,2022-12-30 17h:13m
江苏_苏州_苏州,101190401,2022-12-30 14h,14,7,18,北风,2,0.0,33,43.0,2022-12-30 17h:13m
江苏_苏州_苏州,101190401,2022-12-30 15h,15,8,356,北风,1,0.0,31,48.0,2022-12-30 17h:13m
江苏_苏州_苏州,101190401,2022-12-30 16h,16,7,48,东北风,2,0.0,26,,2022-12-30 17h:13m
江苏_苏州_苏州,101190401,2022-12-30 17h,17,6,76,东风,1,0.0,30,52.0,2022-12-30 22h:12m
江苏_苏州_苏州,101190401,2022-12-30 18h,18,4,103,东风,1,0.0,43,56.0,2022-12-30 22h:12m
江苏_苏州_苏州,101190401,2022-12-30 19h,19,3,116,东南风,1,0.0,51,62.0,2022-12-30 22h:12m
江苏_苏州_苏州,101190401,2022-12-30 20h,20,2,107,东风,1,0.0,55,67.0,2022-12-30 22h:12m
江苏_苏州_苏州,101190401,2022-12-30 21h,21,2,125,东南风,1,0.0,64,,2022-12-30 22h:12m
江苏_苏州_苏州,101190401,2022-12-30 22h,22,1,180,南风,0,0.0,74,72.0,2022-12-31 10h:32m
江苏_苏州_苏州,101190401,2022-12-30 23h,23,0,225,西南风,1,0.0,77,72.0,2022-12-31 10h:32m
江苏_苏州_苏州,101190401,2022-12-31 00h,0,0,82,东风,1,0.0,83,72.0,2022-12-31 10h:32m
江苏_苏州_苏州,101190401,2022-12-31 01h,1,0,180,南风,0,0.0,91,79.0,2022-12-31 10h:32m
江苏_苏州_苏州,101190401,2022-12-31 02h,2,0,280,西风,1,0.0,89,73.0,2022-12-31 10h:32m
江苏_苏州_苏州,101190401,2022-12-31 03h,3,0,135,东南风,0,0.0,93,75.0,2022-12-31 10h:32m
江苏_苏州_苏州,101190401,2022-12-31 04h,4,0,116,东南风,1,0.0,93,78.0,2022-12-31 10h:32m
江苏_苏州_苏州,101190401,2022-12-31 05h,5,0,200,南风,1,0.0,94,82.0,2022-12-31 10h:32m
江苏_苏州_苏州,101190401,2022-12-31 06h,6,0,50,东北风,1,0.0,93,83.0,2022-12-31 10h:32m
江苏_苏州_苏州,101190401,2022-12-31 07h,7,0,119,东南风,1,0.0,94,84.0,2022-12-31 10h:32m
江苏_苏州_苏州,101190401,2022-12-31 08h,8,0,125,东南风,1,0.0,94,88.0,2022-12-31 10h:32m
江苏_苏州_苏州,101190401,2022-12-31 09h,9,4,91,东风,1,0.0,62,87.0,2022-12-31 10h:32m
江苏_苏州_苏州,101190401,2022-12-31 10h,10,6,64,东北风,1,0.0,45,,2022-12-31 10h:32m
江苏_苏州_苏州,101190401,2022-12-31 11h,11,8,39,东北风,1,0.0,36,92.0,2022-12-31 17h:12m
江苏_苏州_苏州,101190401,2022-12-31 12h,12,9,70,东风,2,0.0,32,99.0,2022-12-31 17h:12m
江苏_苏州_苏州,101190401,2022-12-31 13h,13,9,72,东风,1,0.0,29,94.0,2022-12-31 17h:12m
江苏_苏州_苏州,101190401,2022-12-31 14h,14,9,106,东风,2,0.0,33,92.0,2022-12-31 17h:12m
江苏_苏州_苏州,101190401,2022-12-31 15h,15,10,123,东南风,2,0.0,34,90.0,2022-12-31 17h:12m
江苏_苏州_苏州,101190401,2022-12-31 16h,16,9,96,东风,2,0.0,32,,2022-12-31 17h:12m
江苏_苏州_苏州,101190401,2022-12-31 17h,17,8,66,东北风,2,0.0,37,102.0,2022-12-31 22h:11m
江苏_苏州_苏州,101190401,2022-12-31 18h,18,6,139,东南风,1,0.0,45,109.0,2022-12-31 22h:11m
江苏_苏州_苏州,101190401,2022-12-31 19h,19,5,289,西风,1,0.0,62,114.0,2022-12-31 22h:11m
江苏_苏州_苏州,101190401,2022-12-31 20h,20,4,45,东北风,0,0.0,72,120.0,2022-12-31 22h:11m
江苏_苏州_苏州,101190401,2022-12-31 21h,21,3,133,东南风,1,0.0,76,,2022-12-31 22h:11m
江苏_苏州_苏州,101190401,2022-12-31 22h,22,3,345,北风,1,0.0,86,135.0,2023-01-01 10h:50m
江苏_苏州_苏州,101190401,2022-12-31 23h,23,3,109,东风,1,0.0,81,143.0,2023-01-01 10h:50m
江苏_苏州_苏州,101190401,2023-01-01 00h,0,3,87,东风,1,0.0,76,150.0,2023-01-01 10h:50m
江苏_苏州_苏州,101190401,2023-01-01 01h,1,3,360,北风,1,0.0,82,155.0,2023-01-01 10h:50m
江苏_苏州_苏州,101190401,2023-01-01 02h,2,3,99,东风,1,0.0,80,162.0,2023-01-01 10h:50m
江苏_苏州_苏州,101190401,2023-01-01 03h,3,4,79,东风,1,0.0,72,158.0,2023-01-01 10h:50m
江苏_苏州_苏州,101190401,2023-01-01 04h,4,4,90,东风,0,0.0,76,142.0,2023-01-01 10h:50m
江苏_苏州_苏州,101190401,2023-01-01 05h,5,4,80,东风,2,0.0,75,134.0,2023-01-01 10h:50m
江苏_苏州_苏州,101190401,2023-01-01 06h,6,4,77,东风,2,0.0,77,134.0,2023-01-01 10h:50m
江苏_苏州_苏州,101190401,2023-01-01 07h,7,3,106,东风,1,0.0,80,137.0,2023-01-01 10h:50m
江苏_苏州_苏州,101190401,2023-01-01 08h,8,4,244,西南风,1,0.0,78,135.0,2023-01-01 10h:50m
江苏_苏州_苏州,101190401,2023-01-01 09h,9,5,172,南风,1,0.0,61,128.0,2023-01-01 10h:50m
江苏_苏州_苏州,101190401,2023-01-01 10h,10,7,194,南风,1,0.0,46,,2023-01-01 10h:50m
江苏_苏州_苏州,101190401,2023-01-01 11h,11,7,111,东风,1,0.0,39,118.0,2023-01-01 17h:13m
江苏_苏州_苏州,101190401,2023-01-01 12h,12,8,89,东风,2,0.0,41,117.0,2023-01-01 17h:13m
江苏_苏州_苏州,101190401,2023-01-01 13h,13,8,88,东风,1,0.0,41,114.0,2023-01-01 17h:13m
江苏_苏州_苏州,101190401,2023-01-01 14h,14,8,92,东风,2,0.0,46,112.0,2023-01-01 17h:13m
江苏_苏州_苏州,101190401,2023-01-01 15h,15,8,73,东风,2,0.0,50,110.0,2023-01-01 17h:13m
江苏_苏州_苏州,101190401,2023-01-01 16h,16,7,81,东风,2,0.0,51,,2023-01-01 17h:13m
江苏_苏州_苏州,101190401,2023-01-01 17h,17,7,96,东风,1,0.0,52,107.0,2023-01-01 22h:11m
江苏_苏州_苏州,101190401,2023-01-01 18h,18,7,56,东北风,2,0.0,48,104.0,2023-01-01 22h:11m
江苏_苏州_苏州,101190401,2023-01-01 19h,19,7,12,北风,1,0.0,49,100.0,2023-01-01 22h:11m
江苏_苏州_苏州,101190401,2023-01-01 20h,20,7,100,东风,1,0.0,51,104.0,2023-01-01 22h:11m
江苏_苏州_苏州,101190401,2023-01-01 21h,21,7,67,东北风,2,0.0,49,,2023-01-01 22h:11m
江苏_苏州_苏州,101190401,2023-01-01 22h,22,7,39,东北风,1,0.0,44,104.0,2023-01-02 10h:36m
江苏_苏州_苏州,101190401,2023-01-01 23h,23,7,69,东风,2,0.0,54,105.0,2023-01-02 10h:36m
江苏_苏州_苏州,101190401,2023-01-02 00h,0,6,9,北风,1,0.0,59,137.0,2023-01-02 10h:36m
江苏_苏州_苏州,101190401,2023-01-02 01h,1,6,32,东北风,2,0.0,59,144.0,2023-01-02 10h:36m
江苏_苏州_苏州,101190401,2023-01-02 02h,2,6,69,东风,1,0.0,66,122.0,2023-01-02 10h:36m
江苏_苏州_苏州,101190401,2023-01-02 03h,3,6,274,西风,1,0.0,72,95.0,2023-01-02 10h:36m
江苏_苏州_苏州,101190401,2023-01-02 04h,4,6,317,西北风,1,0.0,69,83.0,2023-01-02 10h:36m
江苏_苏州_苏州,101190401,2023-01-02 05h,5,5,306,西北风,1,0.1,74,80.0,2023-01-02 10h:36m
江苏_苏州_苏州,101190401,2023-01-02 06h,6,5,90,东风,0,0.0,81,77.0,2023-01-02 10h:36m
江苏_苏州_苏州,101190401,2023-01-02 07h,7,5,135,东南风,1,0.1,70,82.0,2023-01-02 10h:36m
江苏_苏州_苏州,101190401,2023-01-02 08h,8,6,355,北风,1,0.0,76,100.0,2023-01-02 10h:36m
江苏_苏州_苏州,101190401,2023-01-02 09h,9,6,353,北风,1,0.0,78,142.0,2023-01-02 10h:36m
江苏_苏州_苏州,101190401,2023-01-02 10h,10,7,8,北风,2,0.0,75,,2023-01-02 10h:36m
江苏_苏州_苏州,101190401,2023-01-02 11h,11,7,3,北风,1,0.0,71,153.0,2023-01-02 17h:13m
江苏_苏州_苏州,101190401,2023-01-02 12h,12,7,359,北风,1,0.0,67,140.0,2023-01-02 17h:13m
江苏_苏州_苏州,101190401,2023-01-02 13h,13,8,2,北风,2,0.0,60,132.0,2023-01-02 17h:13m
江苏_苏州_苏州,101190401,2023-01-02 14h,14,9,1,北风,1,0.0,56,128.0,2023-01-02 17h:13m
江苏_苏州_苏州,101190401,2023-01-02 15h,15,9,29,东北风,2,0.0,60,117.0,2023-01-02 17h:13m
江苏_苏州_苏州,101190401,2023-01-02 16h,16,8,9,北风,2,0.0,63,,2023-01-02 17h:13m
江苏_苏州_苏州,101190401,2023-01-02 17h,17,8,8,北风,1,0.0,64,90.0,2023-01-02 22h:12m
江苏_苏州_苏州,101190401,2023-01-02 18h,18,7,57,东北风,2,0.0,75,64.0,2023-01-02 22h:12m
江苏_苏州_苏州,101190401,2023-01-02 19h,19,6,81,东风,2,0.2,73,40.0,2023-01-02 22h:12m
江苏_苏州_苏州,101190401,2023-01-02 20h,20,6,78,东风,2,0.0,71,31.0,2023-01-02 22h:12m
江苏_苏州_苏州,101190401,2023-01-02 21h,21,6,73,东风,3,0.0,68,,2023-01-02 22h:12m
江苏_苏州_苏州,101190401,2023-01-02 22h,22,6,69,东风,2,0.0,71,23.0,2023-01-03 10h:34m
江苏_苏州_苏州,101190401,2023-01-02 23h,23,6,73,东风,2,0.0,70,22.0,2023-01-03 10h:34m
江苏_苏州_苏州,101190401,2023-01-03 00h,0,5,34,东北风,2,0.0,70,22.0,2023-01-03 10h:34m
江苏_苏州_苏州,101190401,2023-01-03 01h,1,5,4,北风,2,0.0,69,23.0,2023-01-03 10h:34m
江苏_苏州_苏州,101190401,2023-01-03 02h,2,5,25,东北风,2,0.0,71,25.0,2023-01-03 10h:34m
江苏_苏州_苏州,101190401,2023-01-03 03h,3,5,54,东北风,1,0.0,71,27.0,2023-01-03 10h:34m
江苏_苏州_苏州,101190401,2023-01-03 04h,4,4,358,北风,1,0.0,72,28.0,2023-01-03 10h:34m
江苏_苏州_苏州,101190401,2023-01-03 05h,5,4,1,北风,1,0.0,73,31.0,2023-01-03 10h:34m
江苏_苏州_苏州,101190401,2023-01-03 06h,6,4,1,北风,1,0.0,75,32.0,2023-01-03 10h:34m
江苏_苏州_苏州,101190401,2023-01-03 07h,7,4,15,北风,1,0.0,76,33.0,2023-01-03 10h:34m
江苏_苏州_苏州,101190401,2023-01-03 08h,8,4,20,北风,1,0.0,75,36.0,2023-01-03 10h:34m
江苏_苏州_苏州,101190401,2023-01-03 09h,9,6,67,东北风,1,0.0,64,,2023-01-03 10h:34m
江苏_苏州_苏州,101190401,2023-01-03 10h,10,7,121,东南风,1,0.0,56,28.0,2023-01-03 17h:14m
江苏_苏州_苏州,101190401,2023-01-03 11h,11,8,355,北风,1,0.0,49,23.0,2023-01-03 17h:14m
江苏_苏州_苏州,101190401,2023-01-03 12h,12,9,108,东风,1,0.0,44,23.0,2023-01-03 17h:14m
江苏_苏州_苏州,101190401,2023-01-03 13h,13,9,14,北风,1,0.0,40,23.0,2023-01-03 17h:14m
江苏_苏州_苏州,101190401,2023-01-03 14h,14,10,143,东南风,1,0.0,36,23.0,2023-01-03 17h:14m
江苏_苏州_苏州,101190401,2023-01-03 15h,15,10,335,西北风,2,0.0,39,23.0,2023-01-03 17h:14m
江苏_苏州_苏州,101190401,2023-01-03 16h,16,9,70,东风,2,0.0,39,,2023-01-03 17h:14m
江苏_苏州_苏州,101190401,2023-01-03 17h,17,8,266,西风,1,0.0,48,29.0,2023-01-03 22h:13m
江苏_苏州_苏州,101190401,2023-01-03 18h,18,6,260,西风,1,0.0,57,36.0,2023-01-03 22h:13m
江苏_苏州_苏州,101190401,2023-01-03 19h,19,5,310,西北风,1,0.0,61,44.0,2023-01-03 22h:13m
江苏_苏州_苏州,101190401,2023-01-03 20h,20,4,49,东北风,1,0.0,72,51.0,2023-01-03 22h:13m
江苏_苏州_苏州,101190401,2023-01-03 21h,21,4,33,东北风,1,0.0,74,,2023-01-03 22h:13m
江苏_苏州_苏州,101190401,2023-01-03 22h,22,3,153,东南风,1,0.0,83,57.0,2023-01-04 10h:38m
江苏_苏州_苏州,101190401,2023-01-03 23h,23,3,70,东风,2,0.0,74,58.0,2023-01-04 10h:38m
江苏_苏州_苏州,101190401,2023-01-04 00h,0,3,84,东风,2,0.0,80,57.0,2023-01-04 10h:38m
江苏_苏州_苏州,101190401,2023-01-04 01h,1,2,140,东南风,1,0.0,82,54.0,2023-01-04 10h:38m
江苏_苏州_苏州,101190401,2023-01-04 02h,2,2,121,东南风,1,0.0,82,47.0,2023-01-04 10h:38m
江苏_苏州_苏州,101190401,2023-01-04 03h,3,2,156,东南风,1,0.0,80,45.0,2023-01-04 10h:38m
江苏_苏州_苏州,101190401,2023-01-04 04h,4,2,83,东风,1,0.0,81,44.0,2023-01-04 10h:38m
江苏_苏州_苏州,101190401,2023-01-04 05h,5,1,81,东风,2,0.0,89,45.0,2023-01-04 10h:38m
江苏_苏州_苏州,101190401,2023-01-04 06h,6,1,84,东风,1,0.0,91,45.0,2023-01-04 10h:38m
江苏_苏州_苏州,101190401,2023-01-04 07h,7,1,111,东风,1,0.0,90,46.0,2023-01-04 10h:38m
江苏_苏州_苏州,101190401,2023-01-04 08h,8,3,74,东风,1,0.0,92,48.0,2023-01-04 10h:38m
江苏_苏州_苏州,101190401,2023-01-04 09h,9,6,134,东南风,1,0.0,76,50.0,2023-01-04 10h:38m
江苏_苏州_苏州,101190401,2023-01-04 10h,10,8,155,东南风,2,0.0,58,,2023-01-04 10h:38m
江苏_苏州_苏州,101190401,2023-01-04 11h,11,9,125,东南风,2,0.0,51,52.0,2023-01-04 17h:14m
江苏_苏州_苏州,101190401,2023-01-04 12h,12,10,119,东南风,2,0.0,45,56.0,2023-01-04 17h:14m
江苏_苏州_苏州,101190401,2023-01-04 13h,13,11,136,东南风,3,0.0,40,58.0,2023-01-04 17h:14m
江苏_苏州_苏州,101190401,2023-01-04 14h,14,11,116,东南风,3,0.0,37,62.0,2023-01-04 17h:14m
江苏_苏州_苏州,101190401,2023-01-04 15h,15,10,105,东风,2,0.0,37,64.0,2023-01-04 17h:14m
江苏_苏州_苏州,101190401,2023-01-04 16h,16,10,120,东南风,2,0.0,38,,2023-01-04 17h:14m
江苏_苏州_苏州,101190401,2023-01-04 17h,17,9,134,东南风,2,0.0,43,63.0,2023-01-04 22h:15m
江苏_苏州_苏州,101190401,2023-01-04 18h,18,7,114,东南风,2,0.0,48,62.0,2023-01-04 22h:15m
江苏_苏州_苏州,101190401,2023-01-04 19h,19,7,126,东南风,2,0.0,35,63.0,2023-01-04 22h:15m
江苏_苏州_苏州,101190401,2023-01-04 20h,20,6,75,东风,2,0.0,42,62.0,2023-01-04 22h:15m
江苏_苏州_苏州,101190401,2023-01-04 21h,21,5,91,东风,2,0.0,47,,2023-01-04 22h:15m
江苏_苏州_苏州,101190401,2023-01-04 22h,22,6,99,东风,2,0.0,59,62.0,2023-01-05 10h:39m
江苏_苏州_苏州,101190401,2023-01-04 23h,23,6,89,东风,2,0.0,68,67.0,2023-01-05 10h:39m
江苏_苏州_苏州,101190401,2023-01-05 00h,0,7,116,东南风,2,0.0,69,72.0,2023-01-05 10h:39m
江苏_苏州_苏州,101190401,2023-01-05 01h,1,7,43,东北风,1,0.0,69,75.0,2023-01-05 10h:39m
江苏_苏州_苏州,101190401,2023-01-05 02h,2,7,89,东风,2,0.0,72,83.0,2023-01-05 10h:39m
江苏_苏州_苏州,101190401,2023-01-05 03h,3,7,89,东风,2,0.0,71,87.0,2023-01-05 10h:39m
江苏_苏州_苏州,101190401,2023-01-05 04h,4,7,133,东南风,2,0.0,70,88.0,2023-01-05 10h:39m
江苏_苏州_苏州,101190401,2023-01-05 05h,5,7,143,东南风,2,0.0,70,85.0,2023-01-05 10h:39m
江苏_苏州_苏州,101190401,2023-01-05 06h,6,7,186,南风,1,0.0,75,82.0,2023-01-05 10h:39m
江苏_苏州_苏州,101190401,2023-01-05 07h,7,7,192,南风,1,0.0,75,79.0,2023-01-05 10h:39m
江苏_苏州_苏州,101190401,2023-01-05 08h,8,7,145,东南风,1,0.0,74,77.0,2023-01-05 10h:39m
江苏_苏州_苏州,101190401,2023-01-05 09h,9,8,231,西南风,1,0.0,71,74.0,2023-01-05 10h:39m
江苏_苏州_苏州,101190401,2023-01-05 10h,10,10,291,西风,1,0.0,66,,2023-01-05 10h:39m
江苏_苏州_苏州,101190401,2023-01-05 11h,11,12,218,西南风,1,0.0,57,70.0,2023-01-05 17h:14m
江苏_苏州_苏州,101190401,2023-01-05 12h,12,13,187,南风,1,0.0,53,67.0,2023-01-05 17h:14m
江苏_苏州_苏州,101190401,2023-01-05 13h,13,13,182,南风,1,0.0,50,63.0,2023-01-05 17h:14m
江苏_苏州_苏州,101190401,2023-01-05 14h,14,13,159,南风,1,0.0,51,64.0,2023-01-05 17h:14m
江苏_苏州_苏州,101190401,2023-01-05 15h,15,12,279,西风,2,0.0,60,64.0,2023-01-05 17h:14m
江苏_苏州_苏州,101190401,2023-01-05 16h,16,11,286,西风,2,0.0,58,,2023-01-05 17h:14m
江苏_苏州_苏州,101190401,2023-01-05 17h,17,10,291,西风,1,0.0,57,75.0,2023-01-05 22h:14m
江苏_苏州_苏州,101190401,2023-01-05 18h,18,10,292,西风,1,0.0,61,80.0,2023-01-05 22h:14m
江苏_苏州_苏州,101190401,2023-01-05 19h,19,10,135,东南风,1,0.0,59,85.0,2023-01-05 22h:14m
江苏_苏州_苏州,101190401,2023-01-05 20h,20,9,287,西风,1,0.0,66,85.0,2023-01-05 22h:14m
江苏_苏州_苏州,101190401,2023-01-05 21h,21,9,15,北风,1,0.0,63,,2023-01-05 22h:14m
江苏_苏州_苏州,101190401,2023-01-05 22h,22,9,90,东风,1,0.0,65,78.0,2023-01-06 10h:42m
江苏_苏州_苏州,101190401,2023-01-05 23h,23,8,276,西风,1,0.0,74,79.0,2023-01-06 10h:42m
江苏_苏州_苏州,101190401,2023-01-06 00h,0,8,272,西风,2,0.0,77,82.0,2023-01-06 10h:42m
江苏_苏州_苏州,101190401,2023-01-06 01h,1,8,275,西风,1,0.0,80,88.0,2023-01-06 10h:42m
江苏_苏州_苏州,101190401,2023-01-06 02h,2,8,291,西风,2,0.0,75,97.0,2023-01-06 10h:42m
江苏_苏州_苏州,101190401,2023-01-06 03h,3,8,281,西风,2,0.0,76,114.0,2023-01-06 10h:42m
江苏_苏州_苏州,101190401,2023-01-06 04h,4,6,276,西风,2,0.0,81,130.0,2023-01-06 10h:42m
江苏_苏州_苏州,101190401,2023-01-06 05h,5,6,277,西风,1,0.0,81,130.0,2023-01-06 10h:42m
江苏_苏州_苏州,101190401,2023-01-06 06h,6,6,241,西南风,1,0.0,84,133.0,2023-01-06 10h:42m
江苏_苏州_苏州,101190401,2023-01-06 07h,7,5,263,西风,2,0.0,82,143.0,2023-01-06 10h:42m
江苏_苏州_苏州,101190401,2023-01-06 08h,8,6,262,西风,2,0.0,78,149.0,2023-01-06 10h:42m
江苏_苏州_苏州,101190401,2023-01-06 09h,9,8,273,西风,3,0.0,72,153.0,2023-01-06 10h:42m
江苏_苏州_苏州,101190401,2023-01-06 10h,10,10,263,西风,3,0.0,56,,2023-01-06 10h:42m
江苏_苏州_苏州,101190401,2023-01-06 11h,11,11,250,西风,3,0.0,44,162.0,2023-01-06 17h:14m
江苏_苏州_苏州,101190401,2023-01-06 12h,12,12,277,西风,4,0.0,41,162.0,2023-01-06 17h:14m
江苏_苏州_苏州,101190401,2023-01-06 13h,13,13,272,西风,3,0.0,42,143.0,2023-01-06 17h:14m
江苏_苏州_苏州,101190401,2023-01-06 14h,14,13,270,西风,4,0.0,38,127.0,2023-01-06 17h:14m
江苏_苏州_苏州,101190401,2023-01-06 15h,15,13,278,西风,4,0.0,42,120.0,2023-01-06 17h:14m
江苏_苏州_苏州,101190401,2023-01-06 16h,16,13,269,西风,4,0.0,42,,2023-01-06 17h:14m
江苏_苏州_苏州,101190401,2023-01-06 17h,17,12,257,西风,3,0.0,48,113.0,2023-01-06 22h:13m
江苏_苏州_苏州,101190401,2023-01-06 18h,18,10,265,西风,3,0.0,55,108.0,2023-01-06 22h:13m
江苏_苏州_苏州,101190401,2023-01-06 19h,19,9,264,西风,2,0.0,59,102.0,2023-01-06 22h:13m
江苏_苏州_苏州,101190401,2023-01-06 20h,20,8,271,西风,2,0.0,67,94.0,2023-01-06 22h:13m
江苏_苏州_苏州,101190401,2023-01-06 21h,21,8,283,西风,2,0.0,69,,2023-01-06 22h:13m
江苏_苏州_苏州,101190401,2023-01-06 22h,22,9,313,西北风,1,0.0,59,102.0,2023-01-07 10h:36m
江苏_苏州_苏州,101190401,2023-01-06 23h,23,8,291,西风,2,0.0,60,105.0,2023-01-07 10h:36m
江苏_苏州_苏州,101190401,2023-01-07 00h,0,8,301,西北风,2,0.0,63,113.0,2023-01-07 10h:36m
江苏_苏州_苏州,101190401,2023-01-07 01h,1,6,265,西风,2,0.0,75,123.0,2023-01-07 10h:36m
江苏_苏州_苏州,101190401,2023-01-07 02h,2,5,249,西风,1,0.0,83,135.0,2023-01-07 10h:36m
江苏_苏州_苏州,101190401,2023-01-07 03h,3,5,279,西风,2,0.0,84,145.0,2023-01-07 10h:36m
江苏_苏州_苏州,101190401,2023-01-07 04h,4,3,242,西南风,1,0.0,90,149.0,2023-01-07 10h:36m
江苏_苏州_苏州,101190401,2023-01-07 05h,5,3,210,西南风,1,0.0,88,150.0,2023-01-07 10h:36m
江苏_苏州_苏州,101190401,2023-01-07 06h,6,4,229,西南风,1,0.0,86,150.0,2023-01-07 10h:36m
江苏_苏州_苏州,101190401,2023-01-07 07h,7,3,216,西南风,1,0.0,87,150.0,2023-01-07 10h:36m
江苏_苏州_苏州,101190401,2023-01-07 08h,8,4,135,东南风,0,0.0,82,153.0,2023-01-07 10h:36m
江苏_苏州_苏州,101190401,2023-01-07 09h,9,8,205,西南风,1,0.0,69,,2023-01-07 10h:36m
江苏_苏州_苏州,101190401,2023-01-07 10h,10,11,188,南风,1,0.0,52,166.0,2023-01-07 17h:13m
江苏_苏州_苏州,101190401,2023-01-07 11h,11,14,170,南风,2,0.0,38,159.0,2023-01-07 17h:13m
江苏_苏州_苏州,101190401,2023-01-07 12h,12,14,222,西南风,2,0.0,33,155.0,2023-01-07 17h:13m
江苏_苏州_苏州,101190401,2023-01-07 13h,13,16,192,南风,2,0.0,32,152.0,2023-01-07 17h:13m
江苏_苏州_苏州,101190401,2023-01-07 14h,14,16,221,西南风,2,0.0,25,137.0,2023-01-07 17h:13m
江苏_苏州_苏州,101190401,2023-01-07 15h,15,16,212,西南风,2,0.0,27,124.0,2023-01-07 17h:13m
江苏_苏州_苏州,101190401,2023-01-07 16h,16,15,196,南风,2,0.0,30,,2023-01-07 17h:13m
江苏_苏州_苏州,101190401,2023-01-07 17h,17,13,149,东南风,1,0.0,32,103.0,2023-01-07 22h:12m
江苏_苏州_苏州,101190401,2023-01-07 18h,18,11,74,东风,2,0.0,36,114.0,2023-01-07 22h:12m
江苏_苏州_苏州,101190401,2023-01-07 19h,19,10,90,东风,2,0.0,40,129.0,2023-01-07 22h:12m
江苏_苏州_苏州,101190401,2023-01-07 20h,20,9,120,东南风,2,0.0,47,145.0,2023-01-07 22h:12m
江苏_苏州_苏州,101190401,2023-01-07 21h,21,8,109,东风,2,0.0,51,,2023-01-07 22h:12m
江苏_苏州_苏州,101190401,2023-01-07 10h,10,11,188,南风,1,0,52,166,2023-01-08 10h:43m
江苏_苏州_苏州,101190401,2023-01-07 11h,11,14,170,南风,2,0,38,159,2023-01-08 10h:43m
江苏_苏州_苏州,101190401,2023-01-07 12h,12,14,222,西南风,2,0,33,155,2023-01-08 10h:43m
江苏_苏州_苏州,101190401,2023-01-07 13h,13,16,192,南风,2,0,32,152,2023-01-08 10h:43m
江苏_苏州_苏州,101190401,2023-01-07 14h,14,16,221,西南风,2,0,25,137,2023-01-08 10h:43m
江苏_苏州_苏州,101190401,2023-01-07 15h,15,16,212,西南风,2,0,27,124,2023-01-08 10h:43m
江苏_苏州_苏州,101190401,2023-01-07 16h,16,15,196,南风,2,0,30,109,2023-01-08 10h:43m
江苏_苏州_苏州,101190401,2023-01-07 17h,17,13,149,东南风,1,0,32,103,2023-01-08 10h:43m
江苏_苏州_苏州,101190401,2023-01-07 18h,18,11,74,东风,2,0,36,114,2023-01-08 10h:43m
江苏_苏州_苏州,101190401,2023-01-07 19h,19,10,90,东风,2,0,40,129,2023-01-08 10h:43m
江苏_苏州_苏州,101190401,2023-01-07 20h,20,9,120,东南风,2,0,47,145,2023-01-08 10h:43m
江苏_苏州_苏州,101190401,2023-01-07 21h,21,8,109,东风,2,0,51,148,2023-01-08 10h:43m
江苏_苏州_苏州,101190401,2023-01-07 22h,22,8,116,东南风,2,0,46,128,2023-01-08 10h:43m
江苏_苏州_苏州,101190401,2023-01-07 23h,23,9,145,东南风,3,0,36,100,2023-01-08 10h:43m
江苏_苏州_苏州,101190401,2023-01-08 00h,00,8,132,东南风,2,0,39,87,2023-01-08 10h:43m
江苏_苏州_苏州,101190401,2023-01-08 01h,01,8,147,东南风,2,0,45,89,2023-01-08 10h:43m
江苏_苏州_苏州,101190401,2023-01-08 02h,02,8,134,东南风,2,0,49,92,2023-01-08 10h:43m
江苏_苏州_苏州,101190401,2023-01-08 03h,03,7,141,东南风,2,0,54,93,2023-01-08 10h:43m
江苏_苏州_苏州,101190401,2023-01-08 04h,04,6,149,东南风,2,0,60,90,2023-01-08 10h:43m
江苏_苏州_苏州,101190401,2023-01-08 05h,05,6,93,东风,1,0,59,89,2023-01-08 10h:43m
江苏_苏州_苏州,101190401,2023-01-08 06h,06,5,94,东风,1,0,68,88,2023-01-08 10h:43m
江苏_苏州_苏州,101190401,2023-01-08 07h,07,4,171,南风,1,0,73,85,2023-01-08 10h:43m
江苏_苏州_苏州,101190401,2023-01-08 08h,08,7,144,东南风,1,0,62,83,2023-01-08 10h:43m
江苏_苏州_苏州,101190401,2023-01-08 09h,09,11,156,东南风,2,0,47,158,2023-01-08 10h:43m
